customer_id,hour,product,quantity,price,source_file
transaction_id,time,product,quantity,unit_price,2022-05-23
33681412,18:01,small water,5.0,1.0,2022-05-23
33681412,18:01,key chain,2.0,0.8,2022-05-23
33681412,18:01,t-shirt,5.0,12.0,2022-05-23
14357614,18:03,small water,2.0,1.0,2022-05-23
85738569,18:03,large water,5.0,2.0,2022-05-23
85738569,18:03,chips,3.0,1.5,2022-05-23
85738569,18:03,energy bar,1.0,2.2,2022-05-23
85738569,18:03,t-shirt,5.0,12.0,2022-05-23
81646541,18:07,large water,1.0,2.0,2022-05-23
83969446,18:10,small water,1.0,1.0,2022-05-23
83969446,18:10,large water,1.0,2.0,2022-05-23
83969446,18:10,raincoat,3.0,1.0,2022-05-23
98183882,18:13,small water,3.0,1.0,2022-05-23
98183882,18:13,large water,1.0,2.0,2022-05-23
98183882,18:13,chips,1.0,1.5,2022-05-23
98183882,18:13,energy bar,1.0,2.2,2022-05-23
91269589,18:14,small water,6.0,1.0,2022-05-23
91269589,18:14,chips,2.0,1.5,2022-05-23
91269589,18:14,key chain,3.0,0.8,2022-05-23
96784270,18:18,small water,1.0,1.0,2022-05-23
96784270,18:18,large water,1.0,2.0,2022-05-23
96784270,18:18,ice tea,1.0,2.5,2022-05-23
96784270,18:18,t-shirt,1.0,12.0,2022-05-23
84157181,18:20,large water,2.0,2.0,2022-05-23
84157181,18:20,ice tea,1.0,2.5,2022-05-23
84157181,18:20,chips,2.0,1.5,2022-05-23
84157181,18:20,raincoat,2.0,1.0,2022-05-23
79061327,18:23,small water,2.0,1.0,2022-05-23
79061327,18:23,large water,2.0,2.0,2022-05-23
79061327,18:23,energy bar,1.0,2.2,2022-05-23
44060912,18:24,small water,1.0,1.0,2022-05-23
44060912,18:24,large water,2.0,2.0,2022-05-23
44060912,18:24,chips,1.0,1.5,2022-05-23
44060912,18:24,key chain,3.0,0.8,2022-05-23
44060912,18:24,t-shirt,2.0,12.0,2022-05-23
43572276,18:25,small water,1.0,1.0,2022-05-23
43572276,18:25,large water,2.0,2.0,2022-05-23
43572276,18:25,ice tea,1.0,2.5,2022-05-23
43572276,18:25,raincoat,4.0,1.0,2022-05-23
23712298,18:27,small water,3.0,1.0,2022-05-23
32148193,18:32,small water,4.0,1.0,2022-05-23
32148193,18:32,chips,2.0,1.5,2022-05-23
73298995,18:38,small water,3.0,1.0,2022-05-23
80447225,18:39,small water,4.0,1.0,2022-05-23
14357614,23:05,key chain,10.0,0.8,2022-05-23
14357614,23:05,t-shirt,2.0,12.0,2022-05-23
98183882,23:07,key chain,3.0,0.8,2022-05-23
98183882,23:07,t-shirt,1.0,12.0,2022-05-23
83969446,23:09,raincoat returns,3.0,-1.0,2022-05-23
79061327,23:09,small water,1.0,1.0,2022-05-23
79061327,23:09,key chain,5.0,0.8,2022-05-23
79061327,23:09,t-shirt,3.0,12.0,2022-05-23
83969446,23:09,t-shirt,1.0,12.0,2022-05-23
84157181,23:10,raincoat returns,2.0,-1.0,2022-05-23
84157181,23:10,large water,1.0,2.0,2022-05-23
32148193,23:12,t-shirt,2.0,12.0,2022-05-23
23712298,23:13,large water,2.0,2.0,2022-05-23
91269589,23:15,small water,2.0,1.0,2022-05-23
91269589,23:15,large water,2.0,2.0,2022-05-23
43572276,23:16,raincoat returns,4.0,-1.0,2022-05-23
43572276,23:16,large water,3.0,2.0,2022-05-23
43572276,23:16,t-shirt,2.0,12.0,2022-05-23
transaction_id,time,product,quantity,unit_price,2022-05-24
26575601,18:10,raincoat,5.0,1.0,2022-05-24
12325321,18:26,energy bar,1.0,2.2,2022-05-24
12325321,18:26,raincoat,5.0,1.0,2022-05-24
67711034,18:27,raincoat,2.0,1.0,2022-05-24
26575601,22:55,small water,2.0,1.0,2022-05-24
12325321,22:55,small water,1.0,1.0,2022-05-24
12325321,22:55,ice tea,1.0,2.5,2022-05-24
12325321,22:55,key chain,3.0,0.8,2022-05-24
12325321,22:55,t-shirt,2.0,12.0,2022-05-24
transaction_id,time,product,quantity,unit_price,2022-05-25
45253092,17:59,small water,1.0,1.0,2022-05-25
45253092,17:59,raincoat,3.0,1.0,2022-05-25
81770853,18:05,small water,1.0,1.0,2022-05-25
32935826,18:05,raincoat,2.0,1.0,2022-05-25
81770853,18:05,raincoat,4.0,1.0,2022-05-25
79917779,18:24,raincoat,5.0,1.0,2022-05-25
48790298,18:35,raincoat,3.0,1.0,2022-05-25
42006569,18:37,small water,1.0,1.0,2022-05-25
42006569,18:37,raincoat,2.0,1.0,2022-05-25
48916797,18:41,raincoat,3.0,1.0,2022-05-25
45253092,23:05,raincoat returns,3.0,-1.0,2022-05-25
42006569,23:05,raincoat returns,2.0,-1.0,2022-05-25
transaction_id,time,product,quantity,unit_price,2022-05-26
27391518,18:14,raincoat,4.0,1.0,2022-05-26
12659511,18:15,chips,2.0,1.5,2022-05-26
12659511,18:15,raincoat,5.0,1.0,2022-05-26
27886571,18:18,raincoat,5.0,1.0,2022-05-26
97471122,18:20,ice tea,2.0,2.5,2022-05-26
97471122,18:20,raincoat,6.0,1.0,2022-05-26
22893099,18:22,small water,1.0,1.0,2022-05-26
22893099,18:22,raincoat,5.0,1.0,2022-05-26
86444000,18:28,raincoat,6.0,1.0,2022-05-26
66174656,18:39,small water,1.0,1.0,2022-05-26
66174656,18:39,raincoat,2.0,1.0,2022-05-26
66174656,23:03,raincoat returns,1.0,-1.0,2022-05-26
66174656,23:03,key chain,2.0,0.8,2022-05-26
22893099,23:04,large water,2.0,2.0,2022-05-26
22893099,23:04,key chain,13.0,0.8,2022-05-26
27886571,23:07,small water,2.0,1.0,2022-05-26
27886571,23:07,large water,1.0,2.0,2022-05-26
97471122,23:07,key chain,12.0,0.8,2022-05-26
97471122,23:07,t-shirt,5.0,12.0,2022-05-26
12659511,23:09,raincoat returns,2.0,-1.0,2022-05-26
12659511,23:09,large water,2.0,2.0,2022-05-26
12659511,23:09,t-shirt,2.0,12.0,2022-05-26
transaction_id,time,product,quantity,unit_price,2022-05-27
31845390,18:09,raincoat,2.0,1.0,2022-05-27
23200879,18:10,raincoat,3.0,1.0,2022-05-27
43843141,18:12,large water,2.0,2.0,2022-05-27
67197269,18:15,raincoat,4.0,1.0,2022-05-27
72939269,18:17,raincoat,2.0,1.0,2022-05-27
14850524,18:17,raincoat,3.0,1.0,2022-05-27
72939269,18:20,small water,1.0,1.0,2022-05-27
72939269,18:20,raincoat,1.0,1.0,2022-05-27
24009817,18:21,raincoat,3.0,1.0,2022-05-27
70878513,18:24,small water,1.0,1.0,2022-05-27
70878513,18:24,raincoat,1.0,1.0,2022-05-27
97312690,18:26,raincoat,2.0,1.0,2022-05-27
74570064,18:40,small water,1.0,1.0,2022-05-27
74570064,18:40,raincoat,4.0,1.0,2022-05-27
24009817,23:09,raincoat returns,1.0,-1.0,2022-05-27
67197269,23:09,raincoat returns,1.0,-1.0,2022-05-27
31845390,23:11,raincoat returns,1.0,-1.0,2022-05-27
97312690,23:13,raincoat returns,2.0,-1.0,2022-05-27
74570064,23:14,raincoat returns,2.0,-1.0,2022-05-27
74570064,23:14,t-shirt,3.0,12.0,2022-05-27
70878513,23:15,t-shirt,2.0,12.0,2022-05-27
72939269,23:17,raincoat returns,1.0,-1.0,2022-05-27
14850524,23:17,raincoat returns,1.0,-1.0,2022-05-27
72939269,23:17,key chain,1.0,0.8,2022-05-27
72939269,23:17,t-shirt,1.0,12.0,2022-05-27
transaction_id,time,product,quantity,unit_price,2022-05-28
63479179,18:02,small water,2.0,1.0,2022-05-28
63479179,18:02,large water,1.0,2.0,2022-05-28
46820664,18:05,small water,4.0,1.0,2022-05-28
46820664,18:05,ice tea,1.0,2.5,2022-05-28
46820664,18:05,t-shirt,2.0,12.0,2022-05-28
85064449,18:07,small water,2.0,1.0,2022-05-28
85064449,18:07,large water,2.0,2.0,2022-05-28
85064449,18:07,chips,3.0,1.5,2022-05-28
46732643,18:08,small water,1.0,1.0,2022-05-28
46732643,18:08,large water,1.0,2.0,2022-05-28
97502092,18:09,small water,5.0,1.0,2022-05-28
33663932,18:10,small water,3.0,1.0,2022-05-28
33663932,18:10,large water,2.0,2.0,2022-05-28
33663932,18:10,chips,1.0,1.5,2022-05-28
33663932,18:10,t-shirt,3.0,12.0,2022-05-28
25882159,18:11,small water,2.0,1.0,2022-05-28
25882159,18:11,ice tea,1.0,2.5,2022-05-28
25882159,18:11,chips,2.0,1.5,2022-05-28
25882159,18:11,raincoat,3.0,1.0,2022-05-28
97039253,18:15,small water,1.0,1.0,2022-05-28
97039253,18:15,large water,1.0,2.0,2022-05-28
46156869,18:17,small water,4.0,1.0,2022-05-28
52168657,18:17,small water,1.0,1.0,2022-05-28
46156869,18:17,large water,1.0,2.0,2022-05-28
23243704,18:17,large water,1.0,2.0,2022-05-28
46156869,18:17,chips,2.0,1.5,2022-05-28
46156869,18:17,energy bar,1.0,2.2,2022-05-28
46156869,18:17,raincoat,2.0,1.0,2022-05-28
89239597,18:21,large water,1.0,2.0,2022-05-28
85801334,18:22,small water,2.0,1.0,2022-05-28
85801334,18:22,large water,2.0,2.0,2022-05-28
85801334,18:22,chips,2.0,1.5,2022-05-28
85801334,18:22,key chain,3.0,0.8,2022-05-28
85801334,18:22,t-shirt,5.0,12.0,2022-05-28
76341911,18:25,small water,1.0,1.0,2022-05-28
76341911,18:25,t-shirt,2.0,12.0,2022-05-28
71705545,18:27,small water,4.0,1.0,2022-05-28
34987098,18:27,small water,1.0,1.0,2022-05-28
74755452,18:27,large water,1.0,2.0,2022-05-28
34987098,18:27,large water,3.0,2.0,2022-05-28
19743257,18:29,small water,3.0,1.0,2022-05-28
61689854,18:29,small water,3.0,1.0,2022-05-28
91813782,18:29,small water,4.0,1.0,2022-05-28
61689854,18:29,large water,2.0,2.0,2022-05-28
91813782,18:29,large water,1.0,2.0,2022-05-28
91813782,18:29,t-shirt,2.0,12.0,2022-05-28
28993458,18:31,small water,3.0,1.0,2022-05-28
45237558,18:32,small water,2.0,1.0,2022-05-28
45237558,18:32,large water,2.0,2.0,2022-05-28
37920637,18:34,small water,3.0,1.0,2022-05-28
51983919,18:37,small water,1.0,1.0,2022-05-28
75981604,18:37,small water,3.0,1.0,2022-05-28
51983919,18:37,large water,4.0,2.0,2022-05-28
75981604,18:37,large water,1.0,2.0,2022-05-28
75981604,18:37,chips,3.0,1.5,2022-05-28
37838631,18:44,small water,5.0,1.0,2022-05-28
71705545,23:10,large water,2.0,2.0,2022-05-28
63479179,23:10,key chain,3.0,0.8,2022-05-28
71705545,23:10,t-shirt,2.0,12.0,2022-05-28
45237558,23:13,large water,1.0,2.0,2022-05-28
85064449,23:15,small water,1.0,1.0,2022-05-28
51983919,23:17,key chain,13.0,0.8,2022-05-28
52168657,23:18,key chain,1.0,0.8,2022-05-28
75981604,23:23,t-shirt,4.0,12.0,2022-05-28
46732643,23:26,t-shirt,2.0,12.0,2022-05-28
46156869,23:27,raincoat returns,2.0,-1.0,2022-05-28
25882159,23:27,raincoat returns,3.0,-1.0,2022-05-28
46156869,23:27,large water,2.0,2.0,2022-05-28
46156869,23:27,key chain,5.0,0.8,2022-05-28
46156869,23:27,t-shirt,3.0,12.0,2022-05-28
25882159,23:27,t-shirt,1.0,12.0,2022-05-28
97502092,23:29,small water,1.0,1.0,2022-05-28
97502092,23:29,large water,2.0,2.0,2022-05-28
97502092,23:29,ice tea,1.0,2.5,2022-05-28
97502092,23:29,t-shirt,2.0,12.0,2022-05-28
transaction_id,time,product,quantity,unit_price,2022-05-29
41217829,18:08,small water,1.0,1.0,2022-05-29
41217829,18:08,ice tea,2.0,2.5,2022-05-29
41217829,18:08,chips,2.0,1.5,2022-05-29
74337749,18:09,large water,2.0,2.0,2022-05-29
55050432,18:11,small water,1.0,1.0,2022-05-29
30928642,18:11,small water,4.0,1.0,2022-05-29
44364687,18:11,small water,2.0,1.0,2022-05-29
73407149,18:11,large water,2.0,2.0,2022-05-29
54599948,18:12,small water,3.0,1.0,2022-05-29
76507819,18:12,small water,2.0,1.0,2022-05-29
76507819,18:12,ice tea,2.0,2.5,2022-05-29
76507819,18:12,chips,4.0,1.5,2022-05-29
23147721,18:13,small water,3.0,1.0,2022-05-29
73390537,18:13,small water,2.0,1.0,2022-05-29
23147721,18:13,large water,2.0,2.0,2022-05-29
73390537,18:13,large water,1.0,2.0,2022-05-29
76975667,18:14,small water,5.0,1.0,2022-05-29
71240197,18:17,small water,1.0,1.0,2022-05-29
71240197,18:17,large water,1.0,2.0,2022-05-29
71240197,18:17,t-shirt,3.0,12.0,2022-05-29
92913508,18:18,large water,1.0,2.0,2022-05-29
77156639,18:20,small water,3.0,1.0,2022-05-29
88266231,18:20,small water,2.0,1.0,2022-05-29
27254150,18:23,small water,1.0,1.0,2022-05-29
65995403,18:23,large water,2.0,2.0,2022-05-29
70076173,18:24,small water,5.0,1.0,2022-05-29
70076173,18:24,large water,1.0,2.0,2022-05-29
14495186,18:26,small water,1.0,1.0,2022-05-29
95245609,18:26,small water,1.0,1.0,2022-05-29
40724049,18:26,large water,2.0,2.0,2022-05-29
14495186,18:26,large water,1.0,2.0,2022-05-29
40724049,18:26,chips,2.0,1.5,2022-05-29
40724049,18:26,energy bar,1.0,2.2,2022-05-29
95245609,18:26,energy bar,1.0,2.2,2022-05-29
14495186,18:26,key chain,2.0,0.8,2022-05-29
14495186,18:26,t-shirt,2.0,12.0,2022-05-29
95245609,18:26,t-shirt,1.0,12.0,2022-05-29
80955447,18:27,small water,5.0,1.0,2022-05-29
16483275,18:27,small water,4.0,1.0,2022-05-29
88983015,18:28,small water,4.0,1.0,2022-05-29
88983015,18:28,large water,1.0,2.0,2022-05-29
87136320,18:29,small water,2.0,1.0,2022-05-29
87136320,18:29,chips,2.0,1.5,2022-05-29
36547478,18:31,large water,5.0,2.0,2022-05-29
77555905,18:37,small water,4.0,1.0,2022-05-29
77555905,18:37,large water,1.0,2.0,2022-05-29
77555905,18:37,chips,5.0,1.5,2022-05-29
77555905,18:37,key chain,5.0,0.8,2022-05-29
77555905,18:37,t-shirt,5.0,12.0,2022-05-29
76975667,23:06,chips,2.0,1.5,2022-05-29
76975667,23:06,t-shirt,2.0,12.0,2022-05-29
70076173,23:13,large water,2.0,2.0,2022-05-29
70076173,23:13,key chain,18.0,0.8,2022-05-29
44364687,23:15,key chain,1.0,0.8,2022-05-29
44364687,23:15,t-shirt,1.0,12.0,2022-05-29
55050432,23:21,key chain,1.0,0.8,2022-05-29
55050432,23:21,t-shirt,1.0,12.0,2022-05-29
40724049,23:25,large water,2.0,2.0,2022-05-29
73390537,23:26,large water,1.0,2.0,2022-05-29
65995403,23:29,ice tea,2.0,2.5,2022-05-29
65995403,23:29,t-shirt,2.0,12.0,2022-05-29
transaction_id,time,product,quantity,unit_price,2022-05-30
69346440,18:00,small water,2.0,1.0,2022-05-30
69346440,18:00,large water,3.0,2.0,2022-05-30
69346440,18:00,chips,3.0,1.5,2022-05-30
69346440,18:00,energy bar,1.0,2.2,2022-05-30
30321381,18:02,small water,3.0,1.0,2022-05-30
68413503,18:04,large water,1.0,2.0,2022-05-30
43072264,18:05,small water,1.0,1.0,2022-05-30
43072264,18:05,large water,2.0,2.0,2022-05-30
43072264,18:05,ice tea,1.0,2.5,2022-05-30
43072264,18:05,chips,5.0,1.5,2022-05-30
13967814,18:07,large water,2.0,2.0,2022-05-30
15503343,18:08,large water,2.0,2.0,2022-05-30
65980390,18:10,small water,4.0,1.0,2022-05-30
11798494,18:16,small water,2.0,1.0,2022-05-30
21103120,18:16,small water,2.0,1.0,2022-05-30
11798494,18:16,large water,2.0,2.0,2022-05-30
21103120,18:16,large water,2.0,2.0,2022-05-30
21103120,18:16,chips,4.0,1.5,2022-05-30
45206584,18:18,small water,2.0,1.0,2022-05-30
45206584,18:18,large water,1.0,2.0,2022-05-30
38886941,18:19,large water,1.0,2.0,2022-05-30
27927388,18:19,ice tea,1.0,2.5,2022-05-30
89467349,18:20,small water,2.0,1.0,2022-05-30
92880513,18:21,small water,3.0,1.0,2022-05-30
62076067,18:24,small water,1.0,1.0,2022-05-30
62076067,18:24,large water,1.0,2.0,2022-05-30
62076067,18:24,key chain,3.0,0.8,2022-05-30
62076067,18:24,t-shirt,3.0,12.0,2022-05-30
94766035,18:25,small water,3.0,1.0,2022-05-30
94766035,18:25,t-shirt,3.0,12.0,2022-05-30
41439822,18:26,small water,3.0,1.0,2022-05-30
41439822,18:26,large water,1.0,2.0,2022-05-30
41439822,18:26,chips,4.0,1.5,2022-05-30
50905242,18:27,large water,1.0,2.0,2022-05-30
95069732,18:27,large water,1.0,2.0,2022-05-30
88226683,18:29,large water,1.0,2.0,2022-05-30
82406129,18:30,small water,1.0,1.0,2022-05-30
82406129,18:30,ice tea,1.0,2.5,2022-05-30
81693794,18:32,small water,4.0,1.0,2022-05-30
73736137,18:32,small water,2.0,1.0,2022-05-30
73736137,18:32,large water,1.0,2.0,2022-05-30
11985390,18:35,small water,3.0,1.0,2022-05-30
11985390,18:35,chips,3.0,1.5,2022-05-30
11985390,18:35,energy bar,3.0,2.2,2022-05-30
33793299,18:36,small water,2.0,1.0,2022-05-30
40734327,18:39,small water,3.0,1.0,2022-05-30
40734327,18:39,large water,2.0,2.0,2022-05-30
73736137,23:10,small water,2.0,1.0,2022-05-30
92880513,23:20,t-shirt,3.0,12.0,2022-05-30
21103120,23:25,key chain,8.0,0.8,2022-05-30
21103120,23:25,t-shirt,2.0,12.0,2022-05-30
11985390,23:26,large water,2.0,2.0,2022-05-30
11985390,23:26,t-shirt,1.0,12.0,2022-05-30
68413503,23:29,t-shirt,2.0,12.0,2022-05-30
82406129,23:36,large water,1.0,2.0,2022-05-30
transaction_id,time,product,quantity,unit_price,2022-05-31
20745461,18:01,small water,3.0,1.0,2022-05-31
20745461,18:01,large water,2.0,2.0,2022-05-31
20745461,18:01,key chain,2.0,0.8,2022-05-31
91187946,18:05,large water,1.0,2.0,2022-05-31
25830257,18:09,small water,2.0,1.0,2022-05-31
34411915,18:09,small water,4.0,1.0,2022-05-31
34411915,18:09,large water,1.0,2.0,2022-05-31
25830257,18:09,ice tea,1.0,2.5,2022-05-31
25830257,18:09,chips,1.0,1.5,2022-05-31
34411915,18:09,chips,5.0,1.5,2022-05-31
25830257,18:09,key chain,1.0,0.8,2022-05-31
19370214,18:10,small water,1.0,1.0,2022-05-31
19370214,18:10,large water,1.0,2.0,2022-05-31
18505008,18:11,small water,5.0,1.0,2022-05-31
18505008,18:11,large water,1.0,2.0,2022-05-31
18505008,18:11,t-shirt,6.0,12.0,2022-05-31
10031997,18:13,small water,1.0,1.0,2022-05-31
48330409,18:13,small water,2.0,1.0,2022-05-31
48330409,18:13,large water,1.0,2.0,2022-05-31
10031997,18:13,key chain,4.0,0.8,2022-05-31
48330409,18:13,key chain,8.0,0.8,2022-05-31
48330409,18:13,t-shirt,1.0,12.0,2022-05-31
84469015,18:15,small water,2.0,1.0,2022-05-31
82077578,18:15,large water,8.0,2.0,2022-05-31
22906809,18:17,small water,2.0,1.0,2022-05-31
22906809,18:17,large water,1.0,2.0,2022-05-31
22906809,18:17,chips,1.0,1.5,2022-05-31
79661438,18:18,small water,4.0,1.0,2022-05-31
56485240,18:18,small water,2.0,1.0,2022-05-31
79661438,18:18,large water,1.0,2.0,2022-05-31
56485240,18:18,large water,1.0,2.0,2022-05-31
56485240,18:18,chips,3.0,1.5,2022-05-31
79661438,18:18,key chain,1.0,0.8,2022-05-31
79661438,18:18,t-shirt,2.0,12.0,2022-05-31
26156370,18:19,small water,2.0,1.0,2022-05-31
98253611,18:21,large water,2.0,2.0,2022-05-31
37738648,18:23,small water,2.0,1.0,2022-05-31
37738648,18:23,chips,1.0,1.5,2022-05-31
37738648,18:23,t-shirt,2.0,12.0,2022-05-31
12738994,18:24,small water,4.0,1.0,2022-05-31
12738994,18:24,large water,1.0,2.0,2022-05-31
24268227,18:24,large water,1.0,2.0,2022-05-31
98622124,18:24,large water,1.0,2.0,2022-05-31
12738994,18:24,chips,4.0,1.5,2022-05-31
49401100,18:25,large water,1.0,2.0,2022-05-31
28402167,18:26,large water,3.0,2.0,2022-05-31
35648164,18:27,small water,2.0,1.0,2022-05-31
35648164,18:27,large water,3.0,2.0,2022-05-31
49474763,18:27,large water,1.0,2.0,2022-05-31
35648164,18:27,chips,5.0,1.5,2022-05-31
35648164,18:27,energy bar,1.0,2.2,2022-05-31
82949669,18:29,small water,1.0,1.0,2022-05-31
69584975,18:30,large water,1.0,2.0,2022-05-31
69584975,18:30,chips,2.0,1.5,2022-05-31
83518613,18:31,small water,3.0,1.0,2022-05-31
17292655,18:33,small water,2.0,1.0,2022-05-31
49401100,23:06,key chain,5.0,0.8,2022-05-31
49401100,23:06,t-shirt,1.0,12.0,2022-05-31
35648164,23:10,large water,2.0,2.0,2022-05-31
22906809,23:10,large water,2.0,2.0,2022-05-31
35648164,23:10,t-shirt,5.0,12.0,2022-05-31
22906809,23:10,t-shirt,2.0,12.0,2022-05-31
84469015,23:11,t-shirt,2.0,12.0,2022-05-31
12738994,23:36,t-shirt,2.0,12.0,2022-05-31
transaction_id,time,product,quantity,unit_price,2022-06-01
94701699,17:55,small water,2.0,1.0,2022-06-01
58894778,18:02,small water,2.0,1.0,2022-06-01
38370223,18:02,large water,1.0,2.0,2022-06-01
58894778,18:02,energy bar,2.0,2.2,2022-06-01
44473882,18:05,small water,1.0,1.0,2022-06-01
44473882,18:05,large water,1.0,2.0,2022-06-01
44473882,18:05,ice tea,1.0,2.5,2022-06-01
44473882,18:05,chips,3.0,1.5,2022-06-01
81547465,18:08,large water,1.0,2.0,2022-06-01
92035394,18:09,large water,3.0,2.0,2022-06-01
76295195,18:11,small water,2.0,1.0,2022-06-01
49434595,18:12,small water,3.0,1.0,2022-06-01
41575442,18:13,small water,2.0,1.0,2022-06-01
41575442,18:13,t-shirt,2.0,12.0,2022-06-01
24125390,18:14,small water,2.0,1.0,2022-06-01
11700454,18:14,small water,4.0,1.0,2022-06-01
24125390,18:14,t-shirt,2.0,12.0,2022-06-01
35654817,18:15,small water,1.0,1.0,2022-06-01
73850469,18:17,large water,2.0,2.0,2022-06-01
59798295,18:17,large water,3.0,2.0,2022-06-01
25794800,18:19,large water,2.0,2.0,2022-06-01
81741867,18:20,large water,1.0,2.0,2022-06-01
87146191,18:21,small water,3.0,1.0,2022-06-01
62378165,18:21,small water,2.0,1.0,2022-06-01
48237959,18:21,small water,1.0,1.0,2022-06-01
87146191,18:21,large water,1.0,2.0,2022-06-01
61316566,18:21,large water,1.0,2.0,2022-06-01
62378165,18:21,ice tea,1.0,2.5,2022-06-01
62378165,18:21,chips,1.0,1.5,2022-06-01
87146191,18:21,t-shirt,1.0,12.0,2022-06-01
88343611,18:23,small water,1.0,1.0,2022-06-01
62504041,18:24,small water,3.0,1.0,2022-06-01
23316149,18:24,small water,1.0,1.0,2022-06-01
94687795,18:24,small water,2.0,1.0,2022-06-01
88030639,18:24,large water,1.0,2.0,2022-06-01
41637891,18:25,large water,1.0,2.0,2022-06-01
10253261,18:27,small water,2.0,1.0,2022-06-01
12072080,18:27,small water,1.0,1.0,2022-06-01
45151541,18:27,large water,1.0,2.0,2022-06-01
12072080,18:27,large water,2.0,2.0,2022-06-01
45151541,18:27,ice tea,4.0,2.5,2022-06-01
12072080,18:27,ice tea,1.0,2.5,2022-06-01
12072080,18:27,chips,4.0,1.5,2022-06-01
10253261,18:27,t-shirt,2.0,12.0,2022-06-01
70266055,18:28,small water,2.0,1.0,2022-06-01
70266055,18:28,large water,1.0,2.0,2022-06-01
70266055,18:28,chips,3.0,1.5,2022-06-01
70266055,18:28,energy bar,5.0,2.2,2022-06-01
70266055,18:28,key chain,10.0,0.8,2022-06-01
70266055,18:28,t-shirt,3.0,12.0,2022-06-01
69180278,18:30,small water,1.0,1.0,2022-06-01
97091059,18:31,large water,1.0,2.0,2022-06-01
93231919,18:32,small water,5.0,1.0,2022-06-01
93231919,18:32,chips,5.0,1.5,2022-06-01
93231919,18:32,energy bar,5.0,2.2,2022-06-01
37876993,18:36,large water,3.0,2.0,2022-06-01
37876993,18:36,chips,6.0,1.5,2022-06-01
96576362,18:40,small water,1.0,1.0,2022-06-01
39691723,18:41,small water,2.0,1.0,2022-06-01
10403170,18:41,small water,1.0,1.0,2022-06-01
39691723,18:41,large water,1.0,2.0,2022-06-01
25794800,23:01,large water,1.0,2.0,2022-06-01
25794800,23:01,t-shirt,1.0,12.0,2022-06-01
93231919,23:03,large water,2.0,2.0,2022-06-01
41575442,23:07,key chain,4.0,0.8,2022-06-01
92035394,23:11,t-shirt,4.0,12.0,2022-06-01
45151541,23:21,large water,2.0,2.0,2022-06-01
88343611,23:23,large water,1.0,2.0,2022-06-01
88343611,23:23,key chain,5.0,0.8,2022-06-01
88343611,23:23,t-shirt,2.0,12.0,2022-06-01
transaction_id,time,product,quantity,unit_price,2022-06-02
44840055,18:06,large water,1.0,2.0,2022-06-02
44840055,18:06,t-shirt,2.0,12.0,2022-06-02
85770595,18:09,large water,5.0,2.0,2022-06-02
89162001,18:10,large water,3.0,2.0,2022-06-02
89162001,18:10,ice tea,3.0,2.5,2022-06-02
79776317,18:12,large water,1.0,2.0,2022-06-02
26167672,18:13,small water,6.0,1.0,2022-06-02
58740411,18:17,small water,4.0,1.0,2022-06-02
74332038,18:17,large water,1.0,2.0,2022-06-02
58740411,18:17,raincoat,4.0,1.0,2022-06-02
38166461,18:18,small water,2.0,1.0,2022-06-02
58657817,18:19,small water,4.0,1.0,2022-06-02
82720234,18:20,small water,5.0,1.0,2022-06-02
35647648,18:21,small water,4.0,1.0,2022-06-02
45025557,18:21,small water,3.0,1.0,2022-06-02
14656478,18:21,large water,1.0,2.0,2022-06-02
35647648,18:21,energy bar,4.0,2.2,2022-06-02
35647648,18:21,raincoat,4.0,1.0,2022-06-02
92741949,18:22,large water,1.0,2.0,2022-06-02
64851653,18:23,small water,4.0,1.0,2022-06-02
66668869,18:24,small water,1.0,1.0,2022-06-02
13408047,18:25,small water,3.0,1.0,2022-06-02
58178365,18:25,small water,4.0,1.0,2022-06-02
24122544,18:28,small water,2.0,1.0,2022-06-02
22955967,18:28,small water,4.0,1.0,2022-06-02
24122544,18:28,large water,2.0,2.0,2022-06-02
26239462,18:29,small water,4.0,1.0,2022-06-02
67216083,18:29,large water,2.0,2.0,2022-06-02
26239462,18:29,large water,1.0,2.0,2022-06-02
47914785,18:29,large water,1.0,2.0,2022-06-02
67216083,18:29,ice tea,1.0,2.5,2022-06-02
47914785,18:29,ice tea,1.0,2.5,2022-06-02
67216083,18:29,chips,3.0,1.5,2022-06-02
26239462,18:29,chips,5.0,1.5,2022-06-02
26239462,18:29,energy bar,5.0,2.2,2022-06-02
67200438,18:31,small water,4.0,1.0,2022-06-02
12410740,18:33,small water,1.0,1.0,2022-06-02
23573640,18:33,small water,5.0,1.0,2022-06-02
87330777,18:33,large water,1.0,2.0,2022-06-02
12410740,18:33,large water,3.0,2.0,2022-06-02
15224428,18:35,small water,3.0,1.0,2022-06-02
66984300,18:36,small water,3.0,1.0,2022-06-02
66984300,18:36,large water,2.0,2.0,2022-06-02
67076147,18:37,large water,1.0,2.0,2022-06-02
13408047,23:09,ice tea,3.0,2.5,2022-06-02
35647648,23:10,raincoat returns,4.0,-1.0,2022-06-02
35647648,23:10,t-shirt,4.0,12.0,2022-06-02
58740411,23:26,raincoat returns,2.0,-1.0,2022-06-02
66668869,23:29,large water,1.0,2.0,2022-06-02
64851653,23:32,large water,1.0,2.0,2022-06-02
64851653,23:32,ice tea,1.0,2.5,2022-06-02
64851653,23:32,key chain,14.0,0.8,2022-06-02
64851653,23:32,t-shirt,2.0,12.0,2022-06-02
12410740,23:34,small water,1.0,1.0,2022-06-02
12410740,23:34,t-shirt,4.0,12.0,2022-06-02
transaction_id,time,product,quantity,unit_price,2022-06-03
21300388,18:02,large water,2.0,2.0,2022-06-03
21300388,18:02,t-shirt,2.0,12.0,2022-06-03
31330345,18:05,large water,5.0,2.0,2022-06-03
35687892,18:09,large water,2.0,2.0,2022-06-03
35687892,18:09,ice tea,1.0,2.5,2022-06-03
17059749,18:10,small water,5.0,1.0,2022-06-03
36510631,18:12,large water,1.0,2.0,2022-06-03
21779330,18:13,small water,3.0,1.0,2022-06-03
21779330,18:13,large water,1.0,2.0,2022-06-03
21779330,18:13,t-shirt,4.0,12.0,2022-06-03
57491884,18:14,small water,2.0,1.0,2022-06-03
59111888,18:14,large water,4.0,2.0,2022-06-03
59111888,18:14,ice tea,1.0,2.5,2022-06-03
57491884,18:14,ice tea,1.0,2.5,2022-06-03
52121602,18:15,small water,3.0,1.0,2022-06-03
36974096,18:15,small water,4.0,1.0,2022-06-03
52121602,18:15,ice tea,2.0,2.5,2022-06-03
52121602,18:15,chips,5.0,1.5,2022-06-03
36974096,18:15,chips,4.0,1.5,2022-06-03
52121602,18:15,energy bar,5.0,2.2,2022-06-03
56279116,18:18,small water,6.0,1.0,2022-06-03
17409674,18:20,small water,2.0,1.0,2022-06-03
17409674,18:20,large water,3.0,2.0,2022-06-03
53005621,18:21,large water,1.0,2.0,2022-06-03
90169234,18:22,small water,2.0,1.0,2022-06-03
85073162,18:22,small water,2.0,1.0,2022-06-03
90169234,18:22,large water,3.0,2.0,2022-06-03
85073162,18:22,chips,2.0,1.5,2022-06-03
69911101,18:23,large water,4.0,2.0,2022-06-03
60879437,18:24,large water,1.0,2.0,2022-06-03
24159668,18:26,large water,1.0,2.0,2022-06-03
86396260,18:27,small water,2.0,1.0,2022-06-03
86396260,18:27,ice tea,1.0,2.5,2022-06-03
16649340,18:29,small water,5.0,1.0,2022-06-03
30454844,18:29,small water,1.0,1.0,2022-06-03
72800730,18:30,small water,2.0,1.0,2022-06-03
54057471,18:30,small water,1.0,1.0,2022-06-03
72800730,18:30,large water,6.0,2.0,2022-06-03
54057471,18:30,large water,2.0,2.0,2022-06-03
47979398,18:36,small water,3.0,1.0,2022-06-03
47979398,18:36,key chain,1.0,0.8,2022-06-03
90544631,18:50,small water,3.0,1.0,2022-06-03
90544631,18:50,large water,1.0,2.0,2022-06-03
43322956,23:10,large water,2.0,2.0,2022-06-03
85073162,23:17,key chain,12.0,0.8,2022-06-03
85073162,23:17,t-shirt,2.0,12.0,2022-06-03
72800730,23:30,key chain,21.0,0.8,2022-06-03
72800730,23:30,t-shirt,6.0,12.0,2022-06-03
transaction_id,time,product,quantity,unit_price,2022-06-04
41927953,18:01,small water,2.0,1.0,2022-06-04
43731585,18:01,small water,4.0,1.0,2022-06-04
43731585,18:01,large water,1.0,2.0,2022-06-04
41927953,18:01,chips,4.0,1.5,2022-06-04
33525838,18:05,small water,3.0,1.0,2022-06-04
33525838,18:05,chips,3.0,1.5,2022-06-04
33525838,18:05,key chain,9.0,0.8,2022-06-04
33525838,18:05,t-shirt,5.0,12.0,2022-06-04
97367394,18:06,small water,3.0,1.0,2022-06-04
97367394,18:06,large water,2.0,2.0,2022-06-04
97367394,18:06,chips,5.0,1.5,2022-06-04
84323945,18:07,small water,2.0,1.0,2022-06-04
84323945,18:07,large water,1.0,2.0,2022-06-04
15938190,18:11,large water,1.0,2.0,2022-06-04
54223313,18:12,small water,2.0,1.0,2022-06-04
54223313,18:12,large water,2.0,2.0,2022-06-04
60854686,18:13,small water,3.0,1.0,2022-06-04
16162699,18:13,small water,2.0,1.0,2022-06-04
10860298,18:13,small water,3.0,1.0,2022-06-04
10860298,18:13,chips,10.0,1.5,2022-06-04
61126842,18:14,small water,5.0,1.0,2022-06-04
69946788,18:15,small water,3.0,1.0,2022-06-04
55270164,18:16,small water,2.0,1.0,2022-06-04
45070162,18:17,small water,3.0,1.0,2022-06-04
62198691,18:17,small water,3.0,1.0,2022-06-04
91802158,18:17,small water,4.0,1.0,2022-06-04
45070162,18:17,large water,1.0,2.0,2022-06-04
62198691,18:17,large water,1.0,2.0,2022-06-04
69172811,18:17,large water,2.0,2.0,2022-06-04
62198691,18:17,chips,4.0,1.5,2022-06-04
84213261,18:18,small water,2.0,1.0,2022-06-04
84213261,18:18,large water,2.0,2.0,2022-06-04
95396173,18:18,large water,5.0,2.0,2022-06-04
28787173,18:19,small water,4.0,1.0,2022-06-04
57809356,18:19,small water,2.0,1.0,2022-06-04
23654913,18:21,small water,4.0,1.0,2022-06-04
23654913,18:21,large water,1.0,2.0,2022-06-04
23654913,18:21,chips,5.0,1.5,2022-06-04
23654913,18:21,t-shirt,5.0,12.0,2022-06-04
12475449,18:22,small water,2.0,1.0,2022-06-04
12475449,18:22,large water,1.0,2.0,2022-06-04
63882547,18:23,small water,2.0,1.0,2022-06-04
58946599,18:23,small water,2.0,1.0,2022-06-04
30538926,18:24,small water,4.0,1.0,2022-06-04
50744050,18:27,small water,3.0,1.0,2022-06-04
75217774,18:27,small water,2.0,1.0,2022-06-04
50744050,18:27,key chain,3.0,0.8,2022-06-04
50744050,18:27,t-shirt,3.0,12.0,2022-06-04
29958556,18:28,small water,4.0,1.0,2022-06-04
29958556,18:28,large water,1.0,2.0,2022-06-04
52553210,18:31,small water,4.0,1.0,2022-06-04
16087937,18:33,large water,1.0,2.0,2022-06-04
16087937,18:33,key chain,2.0,0.8,2022-06-04
57155746,18:35,small water,5.0,1.0,2022-06-04
64175046,18:37,small water,3.0,1.0,2022-06-04
64175046,18:37,large water,2.0,2.0,2022-06-04
75072664,18:46,large water,1.0,2.0,2022-06-04
63882547,23:01,small water,3.0,1.0,2022-06-04
91802158,23:02,t-shirt,2.0,12.0,2022-06-04
69946788,23:14,large water,2.0,2.0,2022-06-04
58946599,23:14,large water,2.0,2.0,2022-06-04
69946788,23:14,ice tea,1.0,2.5,2022-06-04
69946788,23:14,chips,2.0,1.5,2022-06-04
58946599,23:14,key chain,13.0,0.8,2022-06-04
69946788,23:14,t-shirt,4.0,12.0,2022-06-04
15938190,23:21,large water,1.0,2.0,2022-06-04
15938190,23:21,chips,2.0,1.5,2022-06-04
15938190,23:21,t-shirt,2.0,12.0,2022-06-04
69172811,23:22,large water,1.0,2.0,2022-06-04
69172811,23:22,ice tea,1.0,2.5,2022-06-04
69172811,23:22,energy bar,1.0,2.2,2022-06-04
69172811,23:22,t-shirt,1.0,12.0,2022-06-04
45070162,23:23,large water,2.0,2.0,2022-06-04
62198691,23:23,ice tea,4.0,2.5,2022-06-04
62198691,23:23,chips,4.0,1.5,2022-06-04
45070162,23:23,key chain,3.0,0.8,2022-06-04
45070162,23:23,t-shirt,3.0,12.0,2022-06-04
16162699,23:26,small water,3.0,1.0,2022-06-04
75217774,23:26,large water,1.0,2.0,2022-06-04
75217774,23:26,ice tea,1.0,2.5,2022-06-04
75217774,23:26,t-shirt,3.0,12.0,2022-06-04
16162699,23:26,t-shirt,3.0,12.0,2022-06-04
97367394,23:31,large water,2.0,2.0,2022-06-04
97367394,23:31,chips,5.0,1.5,2022-06-04
57809356,23:32,large water,2.0,2.0,2022-06-04
12475449,23:35,large water,1.0,2.0,2022-06-04
12475449,23:35,chips,1.0,1.5,2022-06-04
12475449,23:35,t-shirt,3.0,12.0,2022-06-04
10860298,23:38,large water,3.0,2.0,2022-06-04
10860298,23:38,chips,3.0,1.5,2022-06-04
10860298,23:38,t-shirt,5.0,12.0,2022-06-04
43731585,23:41,large water,2.0,2.0,2022-06-04
28787173,23:41,large water,2.0,2.0,2022-06-04
28787173,23:41,chips,3.0,1.5,2022-06-04
28787173,23:41,t-shirt,4.0,12.0,2022-06-04
transaction_id,time,product,quantity,unit_price,2022-06-05
96358870,17:55,small water,2.0,1.0,2022-06-05
96358870,17:55,key chain,4.0,0.8,2022-06-05
64632645,17:59,large water,2.0,2.0,2022-06-05
26284709,18:00,t-shirt,1.0,12.0,2022-06-05
90148871,18:01,large water,1.0,2.0,2022-06-05
59992451,18:02,small water,2.0,1.0,2022-06-05
59992451,18:02,large water,3.0,2.0,2022-06-05
77527735,18:07,small water,2.0,1.0,2022-06-05
15467087,18:09,large water,1.0,2.0,2022-06-05
55973737,18:10,large water,2.0,2.0,2022-06-05
26255931,18:11,small water,4.0,1.0,2022-06-05
26255931,18:11,chips,4.0,1.5,2022-06-05
11646764,18:12,large water,1.0,2.0,2022-06-05
59411126,18:13,small water,2.0,1.0,2022-06-05
52197524,18:13,small water,3.0,1.0,2022-06-05
52197524,18:13,large water,2.0,2.0,2022-06-05
59411126,18:13,key chain,1.0,0.8,2022-06-05
59411126,18:13,t-shirt,3.0,12.0,2022-06-05
28477816,18:14,small water,2.0,1.0,2022-06-05
33252377,18:15,small water,4.0,1.0,2022-06-05
86320976,18:15,small water,4.0,1.0,2022-06-05
15467087,18:15,small water,2.0,1.0,2022-06-05
11475018,18:16,large water,4.0,2.0,2022-06-05
82534577,18:17,large water,2.0,2.0,2022-06-05
21365690,18:17,large water,3.0,2.0,2022-06-05
14844520,18:18,small water,3.0,1.0,2022-06-05
49475485,18:19,large water,3.0,2.0,2022-06-05
75094961,18:20,large water,2.0,2.0,2022-06-05
31688534,18:22,large water,1.0,2.0,2022-06-05
94145964,18:23,large water,1.0,2.0,2022-06-05
16208696,18:24,small water,7.0,1.0,2022-06-05
16208696,18:24,energy bar,14.0,2.2,2022-06-05
70916712,18:25,small water,4.0,1.0,2022-06-05
90183017,18:25,small water,2.0,1.0,2022-06-05
97908610,18:25,small water,2.0,1.0,2022-06-05
97908610,18:25,large water,1.0,2.0,2022-06-05
90183017,18:25,ice tea,1.0,2.5,2022-06-05
97908610,18:25,chips,3.0,1.5,2022-06-05
90183017,18:25,t-shirt,3.0,12.0,2022-06-05
50836451,18:26,small water,4.0,1.0,2022-06-05
27231301,18:26,large water,1.0,2.0,2022-06-05
95652626,18:26,large water,1.0,2.0,2022-06-05
77861252,18:26,large water,5.0,2.0,2022-06-05
78062604,18:27,small water,2.0,1.0,2022-06-05
78062604,18:27,large water,2.0,2.0,2022-06-05
78062604,18:27,ice tea,2.0,2.5,2022-06-05
78062604,18:27,chips,4.0,1.5,2022-06-05
78062604,18:27,energy bar,2.0,2.2,2022-06-05
11090800,18:28,small water,3.0,1.0,2022-06-05
64603216,18:28,small water,2.0,1.0,2022-06-05
39549087,18:28,large water,1.0,2.0,2022-06-05
64569031,18:28,large water,1.0,2.0,2022-06-05
64603216,18:28,large water,1.0,2.0,2022-06-05
56560453,18:30,small water,1.0,1.0,2022-06-05
39691032,18:30,small water,3.0,1.0,2022-06-05
39691032,18:30,large water,1.0,2.0,2022-06-05
12329150,18:31,small water,4.0,1.0,2022-06-05
80887695,18:32,large water,3.0,2.0,2022-06-05
80887695,18:32,ice tea,2.0,2.5,2022-06-05
80887695,18:32,chips,5.0,1.5,2022-06-05
80887695,18:32,energy bar,3.0,2.2,2022-06-05
27728158,18:33,small water,2.0,1.0,2022-06-05
70556120,18:33,large water,1.0,2.0,2022-06-05
27728158,18:33,large water,1.0,2.0,2022-06-05
16208696,22:50,large water,3.0,2.0,2022-06-05
16208696,22:50,t-shirt,7.0,12.0,2022-06-05
11090800,22:51,key chain,4.0,0.8,2022-06-05
26255931,22:58,small water,2.0,1.0,2022-06-05
26255931,22:58,chips,4.0,1.5,2022-06-05
96358870,23:00,large water,2.0,2.0,2022-06-05
96358870,23:00,key chain,4.0,0.8,2022-06-05
78062604,23:05,key chain,12.0,0.8,2022-06-05
78062604,23:05,t-shirt,6.0,12.0,2022-06-05
31688534,23:10,key chain,2.0,0.8,2022-06-05
31688534,23:10,t-shirt,2.0,12.0,2022-06-05
75094961,23:17,ice tea,2.0,2.5,2022-06-05
75094961,23:17,chips,4.0,1.5,2022-06-05
75094961,23:17,t-shirt,2.0,12.0,2022-06-05
15467087,23:19,key chain,8.0,0.8,2022-06-05
15467087,23:19,t-shirt,2.0,12.0,2022-06-05
27728158,23:37,key chain,4.0,0.8,2022-06-05
27728158,23:37,t-shirt,4.0,12.0,2022-06-05
transaction_id,time,product,quantity,unit_price,2022-06-06
19424311,18:00,large water,2.0,2.0,2022-06-06
17998942,18:01,small water,3.0,1.0,2022-06-06
52287260,18:01,small water,3.0,1.0,2022-06-06
76620244,18:03,small water,3.0,1.0,2022-06-06
90302090,18:03,small water,2.0,1.0,2022-06-06
35782311,18:03,small water,4.0,1.0,2022-06-06
61549265,18:03,small water,1.0,1.0,2022-06-06
35782311,18:03,large water,1.0,2.0,2022-06-06
61549265,18:03,large water,3.0,2.0,2022-06-06
47324935,18:06,small water,1.0,1.0,2022-06-06
47324935,18:06,large water,1.0,2.0,2022-06-06
38506450,18:07,small water,4.0,1.0,2022-06-06
12918805,18:07,small water,2.0,1.0,2022-06-06
35618332,18:08,small water,3.0,1.0,2022-06-06
23420183,18:09,small water,2.0,1.0,2022-06-06
40093981,18:10,small water,5.0,1.0,2022-06-06
91101032,18:11,small water,3.0,1.0,2022-06-06
87178180,18:13,small water,4.0,1.0,2022-06-06
35581662,18:16,small water,5.0,1.0,2022-06-06
25922920,18:18,small water,3.0,1.0,2022-06-06
86697977,18:18,small water,3.0,1.0,2022-06-06
68964698,18:18,small water,3.0,1.0,2022-06-06
68964698,18:18,large water,1.0,2.0,2022-06-06
36180335,18:19,small water,5.0,1.0,2022-06-06
35320458,18:19,small water,4.0,1.0,2022-06-06
35234546,18:20,small water,3.0,1.0,2022-06-06
31317168,18:21,small water,4.0,1.0,2022-06-06
38061602,18:22,small water,5.0,1.0,2022-06-06
30675605,18:23,small water,6.0,1.0,2022-06-06
48628513,18:23,small water,3.0,1.0,2022-06-06
48628513,18:23,t-shirt,4.0,12.0,2022-06-06
93366833,18:24,small water,3.0,1.0,2022-06-06
60336997,18:24,small water,2.0,1.0,2022-06-06
32524971,18:24,small water,2.0,1.0,2022-06-06
60336997,18:24,large water,2.0,2.0,2022-06-06
83450454,18:25,small water,2.0,1.0,2022-06-06
44101933,18:26,small water,1.0,1.0,2022-06-06
90321330,18:28,small water,1.0,1.0,2022-06-06
70724666,18:28,small water,3.0,1.0,2022-06-06
90321330,18:28,large water,2.0,2.0,2022-06-06
93790726,18:30,small water,3.0,1.0,2022-06-06
34143975,18:31,small water,3.0,1.0,2022-06-06
71313456,18:31,small water,3.0,1.0,2022-06-06
44921539,18:40,large water,1.0,2.0,2022-06-06
91265543,18:43,small water,1.0,1.0,2022-06-06
91265543,18:43,large water,2.0,2.0,2022-06-06
transaction_id,time,product,quantity,unit_price,2022-06-07
12791087,18:01,small water,4.0,1.0,2022-06-07
53253166,18:01,small water,4.0,1.0,2022-06-07
53253166,18:01,large water,2.0,2.0,2022-06-07
53253166,18:01,raincoat,6.0,1.0,2022-06-07
91056233,18:09,small water,1.0,1.0,2022-06-07
91056233,18:09,large water,1.0,2.0,2022-06-07
91056233,18:09,raincoat,3.0,1.0,2022-06-07
39172482,18:10,small water,5.0,1.0,2022-06-07
39172482,18:10,chips,5.0,1.5,2022-06-07
39172482,18:10,energy bar,3.0,2.2,2022-06-07
87362275,18:11,small water,5.0,1.0,2022-06-07
42143948,18:12,small water,3.0,1.0,2022-06-07
27393304,18:13,small water,3.0,1.0,2022-06-07
27393304,18:13,large water,1.0,2.0,2022-06-07
80713017,18:15,small water,2.0,1.0,2022-06-07
50262518,18:15,small water,1.0,1.0,2022-06-07
80713017,18:15,large water,1.0,2.0,2022-06-07
80713017,18:15,raincoat,2.0,1.0,2022-06-07
52381391,18:16,small water,4.0,1.0,2022-06-07
93192497,18:16,small water,2.0,1.0,2022-06-07
37987513,18:16,large water,1.0,2.0,2022-06-07
93192497,18:16,large water,1.0,2.0,2022-06-07
93192497,18:16,raincoat,1.0,1.0,2022-06-07
83251800,18:17,small water,1.0,1.0,2022-06-07
30336292,18:17,large water,1.0,2.0,2022-06-07
30336292,18:17,chips,3.0,1.5,2022-06-07
61137187,18:22,large water,2.0,2.0,2022-06-07
61137187,18:22,key chain,6.0,0.8,2022-06-07
61137187,18:22,t-shirt,3.0,12.0,2022-06-07
77587822,18:23,large water,1.0,2.0,2022-06-07
80460776,18:24,large water,2.0,2.0,2022-06-07
10425343,18:25,small water,3.0,1.0,2022-06-07
21147466,18:25,small water,3.0,1.0,2022-06-07
10425343,18:25,large water,1.0,2.0,2022-06-07
21147466,18:25,large water,1.0,2.0,2022-06-07
21147466,18:25,ice tea,1.0,2.5,2022-06-07
21147466,18:25,chips,4.0,1.5,2022-06-07
10425343,18:25,raincoat,3.0,1.0,2022-06-07
10822540,18:26,small water,3.0,1.0,2022-06-07
10822540,18:26,ice tea,1.0,2.5,2022-06-07
10822540,18:26,chips,5.0,1.5,2022-06-07
10822540,18:26,raincoat,6.0,1.0,2022-06-07
48910423,18:27,small water,2.0,1.0,2022-06-07
49624965,18:27,small water,2.0,1.0,2022-06-07
48910423,18:27,large water,1.0,2.0,2022-06-07
49624965,18:27,large water,2.0,2.0,2022-06-07
48910423,18:27,chips,3.0,1.5,2022-06-07
48910423,18:27,energy bar,3.0,2.2,2022-06-07
49624965,18:27,energy bar,4.0,2.2,2022-06-07
48910423,18:27,raincoat,3.0,1.0,2022-06-07
48910423,18:27,t-shirt,1.0,12.0,2022-06-07
49624965,18:27,t-shirt,4.0,12.0,2022-06-07
51733499,18:29,small water,3.0,1.0,2022-06-07
51733499,18:29,raincoat,4.0,1.0,2022-06-07
51316355,18:31,small water,1.0,1.0,2022-06-07
51316355,18:31,large water,2.0,2.0,2022-06-07
51316355,18:31,ice tea,1.0,2.5,2022-06-07
51316355,18:31,chips,5.0,1.5,2022-06-07
51316355,18:31,raincoat,2.0,1.0,2022-06-07
20508414,18:32,small water,2.0,1.0,2022-06-07
96726240,18:32,small water,3.0,1.0,2022-06-07
55614664,18:32,small water,4.0,1.0,2022-06-07
15995765,18:32,small water,3.0,1.0,2022-06-07
96726240,18:32,large water,2.0,2.0,2022-06-07
64861261,18:32,large water,1.0,2.0,2022-06-07
55614664,18:32,large water,2.0,2.0,2022-06-07
55614664,18:32,chips,5.0,1.5,2022-06-07
64861261,18:32,raincoat,2.0,1.0,2022-06-07
55614664,18:32,key chain,5.0,0.8,2022-06-07
55614664,18:32,t-shirt,5.0,12.0,2022-06-07
63008438,18:33,small water,2.0,1.0,2022-06-07
63008438,18:33,large water,1.0,2.0,2022-06-07
37561915,18:33,large water,5.0,2.0,2022-06-07
37561915,18:33,raincoat,3.0,1.0,2022-06-07
63008438,18:33,t-shirt,3.0,12.0,2022-06-07
81858595,18:34,small water,4.0,1.0,2022-06-07
54140949,18:34,small water,2.0,1.0,2022-06-07
54140949,18:34,large water,1.0,2.0,2022-06-07
54140949,18:34,chips,3.0,1.5,2022-06-07
54140949,18:34,raincoat,3.0,1.0,2022-06-07
34993692,18:36,small water,2.0,1.0,2022-06-07
34993692,18:36,chips,1.0,1.5,2022-06-07
34993692,18:36,energy bar,5.0,2.2,2022-06-07
34993692,18:36,raincoat,2.0,1.0,2022-06-07
66228723,18:39,large water,2.0,2.0,2022-06-07
39172482,23:06,key chain,14.0,0.8,2022-06-07
39172482,23:06,t-shirt,5.0,12.0,2022-06-07
53253166,23:12,raincoat returns,6.0,-1.0,2022-06-07
93192497,23:13,raincoat returns,1.0,-1.0,2022-06-07
34993692,23:16,raincoat returns,2.0,-1.0,2022-06-07
34993692,23:16,small water,2.0,1.0,2022-06-07
37561915,23:20,raincoat returns,1.0,-1.0,2022-06-07
37561915,23:20,t-shirt,5.0,12.0,2022-06-07
48910423,23:21,raincoat returns,1.0,-1.0,2022-06-07
10822540,23:22,raincoat returns,2.0,-1.0,2022-06-07
51316355,23:34,raincoat returns,2.0,-1.0,2022-06-07
10425343,23:35,raincoat returns,1.0,-1.0,2022-06-07
91056233,23:38,t-shirt,3.0,12.0,2022-06-07
transaction_id,time,product,quantity,unit_price,2022-06-08
63126669,18:01,raincoat,3.0,1.0,2022-06-08
40587074,18:04,raincoat,5.0,1.0,2022-06-08
57381476,18:10,small water,1.0,1.0,2022-06-08
57381476,18:10,chips,1.0,1.5,2022-06-08
90845696,18:10,raincoat,2.0,1.0,2022-06-08
57381476,18:10,raincoat,3.0,1.0,2022-06-08
39869006,18:13,raincoat,2.0,1.0,2022-06-08
55578394,18:14,raincoat,3.0,1.0,2022-06-08
73071608,18:19,raincoat,5.0,1.0,2022-06-08
42279631,18:21,small water,1.0,1.0,2022-06-08
18707044,18:21,raincoat,2.0,1.0,2022-06-08
42279631,18:21,raincoat,1.0,1.0,2022-06-08
86113285,18:22,small water,1.0,1.0,2022-06-08
73981530,18:22,chips,3.0,1.5,2022-06-08
73981530,18:22,energy bar,3.0,2.2,2022-06-08
73981530,18:22,raincoat,3.0,1.0,2022-06-08
86113285,18:22,raincoat,4.0,1.0,2022-06-08
56603116,18:26,small water,3.0,1.0,2022-06-08
84072493,18:26,large water,1.0,2.0,2022-06-08
56603116,18:26,ice tea,1.0,2.5,2022-06-08
56603116,18:26,chips,5.0,1.5,2022-06-08
84072493,18:26,chips,5.0,1.5,2022-06-08
56603116,18:26,raincoat,20.0,1.0,2022-06-08
84072493,18:26,raincoat,5.0,1.0,2022-06-08
51117802,18:28,small water,1.0,1.0,2022-06-08
51117802,18:28,raincoat,3.0,1.0,2022-06-08
49007524,18:35,raincoat,1.0,1.0,2022-06-08
78997611,18:35,raincoat,3.0,1.0,2022-06-08
71609535,18:38,raincoat,4.0,1.0,2022-06-08
96826487,18:38,raincoat,5.0,1.0,2022-06-08
31851705,18:39,raincoat,5.0,1.0,2022-06-08
99608910,18:39,raincoat,2.0,1.0,2022-06-08
29368166,18:41,raincoat,4.0,1.0,2022-06-08
16636816,18:42,small water,1.0,1.0,2022-06-08
56613115,18:44,small water,2.0,1.0,2022-06-08
56613115,18:44,raincoat,3.0,1.0,2022-06-08
53453069,19:06,raincoat,4.0,1.0,2022-06-08
56613115,22:49,key chain,6.0,0.8,2022-06-08
56613115,22:49,t-shirt,3.0,12.0,2022-06-08
99608910,22:51,key chain,2.0,0.8,2022-06-08
99608910,22:51,t-shirt,2.0,12.0,2022-06-08
42279631,22:54,key chain,2.0,0.8,2022-06-08
42279631,22:54,t-shirt,2.0,12.0,2022-06-08
73981530,22:58,large water,1.0,2.0,2022-06-08
73981530,22:58,t-shirt,3.0,12.0,2022-06-08
57381476,23:08,t-shirt,3.0,12.0,2022-06-08
transaction_id,time,product,quantity,unit_price,2022-06-09
55607558,17:56,raincoat,4.0,1.0,2022-06-09
44917158,17:58,raincoat,5.0,1.0,2022-06-09
22360085,18:03,small water,2.0,1.0,2022-06-09
22360085,18:03,raincoat,4.0,1.0,2022-06-09
18209991,18:08,small water,2.0,1.0,2022-06-09
93813771,18:08,small water,1.0,1.0,2022-06-09
18209991,18:08,chips,4.0,1.5,2022-06-09
18209991,18:08,raincoat,2.0,1.0,2022-06-09
17506869,18:09,raincoat,3.0,1.0,2022-06-09
48452501,18:12,small water,1.0,1.0,2022-06-09
48452501,18:12,raincoat,3.0,1.0,2022-06-09
88440317,18:18,small water,2.0,1.0,2022-06-09
67210380,18:18,raincoat,3.0,1.0,2022-06-09
88440317,18:18,raincoat,2.0,1.0,2022-06-09
20487859,18:20,small water,1.0,1.0,2022-06-09
20487859,18:20,raincoat,4.0,1.0,2022-06-09
91227842,18:24,small water,1.0,1.0,2022-06-09
91227842,18:24,raincoat,1.0,1.0,2022-06-09
29618075,18:31,large water,2.0,2.0,2022-06-09
29618075,18:31,chips,5.0,1.5,2022-06-09
29618075,18:31,raincoat,6.0,1.0,2022-06-09
74569301,18:36,raincoat,5.0,1.0,2022-06-09
93813771,22:58,large water,2.0,2.0,2022-06-09
93813771,22:58,key chain,12.0,0.8,2022-06-09
93813771,22:58,t-shirt,5.0,12.0,2022-06-09
29618075,23:05,t-shirt,5.0,12.0,2022-06-09
transaction_id,time,product,quantity,unit_price,2022-06-10
17592189,17:59,small water,2.0,1.0,2022-06-10
17592189,17:59,large water,1.0,2.0,2022-06-10
48843030,18:03,raincoat,2.0,1.0,2022-06-10
13423561,18:07,small water,2.0,1.0,2022-06-10
13423561,18:07,large water,2.0,2.0,2022-06-10
50862244,18:10,small water,3.0,1.0,2022-06-10
46170191,18:12,small water,1.0,1.0,2022-06-10
37604149,18:12,small water,2.0,1.0,2022-06-10
15059034,18:12,large water,2.0,2.0,2022-06-10
37604149,18:12,large water,2.0,2.0,2022-06-10
15059034,18:12,ice tea,1.0,2.5,2022-06-10
15059034,18:12,chips,3.0,1.5,2022-06-10
15059034,18:12,energy bar,2.0,2.2,2022-06-10
21223210,18:15,small water,3.0,1.0,2022-06-10
50514079,18:16,small water,3.0,1.0,2022-06-10
80924722,18:16,large water,5.0,2.0,2022-06-10
13508593,18:18,small water,3.0,1.0,2022-06-10
13508593,18:18,ice tea,2.0,2.5,2022-06-10
13508593,18:18,chips,4.0,1.5,2022-06-10
99763562,18:19,small water,4.0,1.0,2022-06-10
26082067,18:19,small water,2.0,1.0,2022-06-10
26082067,18:19,ice tea,1.0,2.5,2022-06-10
26082067,18:19,chips,3.0,1.5,2022-06-10
26082067,18:19,energy bar,3.0,2.2,2022-06-10
44434292,18:19,raincoat,3.0,1.0,2022-06-10
17176055,18:20,small water,2.0,1.0,2022-06-10
17176055,18:20,large water,2.0,2.0,2022-06-10
68443244,18:21,large water,1.0,2.0,2022-06-10
36189107,18:22,small water,4.0,1.0,2022-06-10
22238298,18:22,small water,2.0,1.0,2022-06-10
46270878,18:22,large water,4.0,2.0,2022-06-10
22238298,18:22,large water,2.0,2.0,2022-06-10
46270878,18:22,chips,4.0,1.5,2022-06-10
68983875,18:23,small water,4.0,1.0,2022-06-10
36929261,18:23,small water,3.0,1.0,2022-06-10
68983875,18:23,large water,1.0,2.0,2022-06-10
53302253,18:26,small water,2.0,1.0,2022-06-10
26592781,18:26,large water,1.0,2.0,2022-06-10
91550716,18:27,large water,2.0,2.0,2022-06-10
10642394,18:29,small water,2.0,1.0,2022-06-10
10642394,18:29,large water,1.0,2.0,2022-06-10
10642394,18:29,raincoat,4.0,1.0,2022-06-10
15483140,18:30,small water,2.0,1.0,2022-06-10
15483140,18:30,large water,1.0,2.0,2022-06-10
39235783,18:31,small water,2.0,1.0,2022-06-10
15109001,18:32,small water,1.0,1.0,2022-06-10
15109001,18:32,key chain,1.0,0.8,2022-06-10
15109001,18:32,t-shirt,1.0,12.0,2022-06-10
73180045,18:34,small water,1.0,1.0,2022-06-10
73180045,18:34,key chain,1.0,0.8,2022-06-10
73180045,18:34,t-shirt,1.0,12.0,2022-06-10
25265735,18:40,large water,1.0,2.0,2022-06-10
22238298,23:19,key chain,13.0,0.8,2022-06-10
22238298,23:19,t-shirt,4.0,12.0,2022-06-10
44434292,23:22,raincoat returns,3.0,-1.0,2022-06-10
13508593,23:22,t-shirt,2.0,12.0,2022-06-10
10642394,23:28,raincoat returns,4.0,-1.0,2022-06-10
26082067,23:31,ice tea,3.0,2.5,2022-06-10
transaction_id,time,product,quantity,unit_price,2022-06-11
44525397,18:03,small water,2.0,1.0,2022-06-11
62450837,18:05,small water,1.0,1.0,2022-06-11
79295975,18:05,large water,1.0,2.0,2022-06-11
48228628,18:06,small water,1.0,1.0,2022-06-11
55672199,18:07,large water,2.0,2.0,2022-06-11
55672199,18:07,chips,4.0,1.5,2022-06-11
55672199,18:07,raincoat,4.0,1.0,2022-06-11
75709262,18:10,small water,1.0,1.0,2022-06-11
75709262,18:10,raincoat,5.0,1.0,2022-06-11
36466409,18:12,small water,2.0,1.0,2022-06-11
95743788,18:12,raincoat,2.0,1.0,2022-06-11
76346684,18:13,raincoat,3.0,1.0,2022-06-11
41571090,18:14,small water,1.0,1.0,2022-06-11
41571090,18:14,chips,2.0,1.5,2022-06-11
12647884,18:14,raincoat,2.0,1.0,2022-06-11
41571090,18:14,raincoat,2.0,1.0,2022-06-11
11098881,18:15,small water,2.0,1.0,2022-06-11
18247049,18:17,small water,1.0,1.0,2022-06-11
18247049,18:17,raincoat,2.0,1.0,2022-06-11
24430758,18:18,small water,1.0,1.0,2022-06-11
78272904,18:18,large water,2.0,2.0,2022-06-11
24430758,18:18,raincoat,5.0,1.0,2022-06-11
38498391,18:19,raincoat,3.0,1.0,2022-06-11
11523108,18:21,small water,1.0,1.0,2022-06-11
11523108,18:21,raincoat,3.0,1.0,2022-06-11
44323495,18:23,raincoat,5.0,1.0,2022-06-11
51308544,18:26,small water,2.0,1.0,2022-06-11
36544246,18:28,small water,2.0,1.0,2022-06-11
13529266,18:30,small water,2.0,1.0,2022-06-11
13529266,18:30,raincoat,5.0,1.0,2022-06-11
67750510,18:33,small water,1.0,1.0,2022-06-11
67750510,18:33,chips,3.0,1.5,2022-06-11
59001945,18:33,raincoat,2.0,1.0,2022-06-11
67750510,18:33,raincoat,3.0,1.0,2022-06-11
84448784,18:34,small water,1.0,1.0,2022-06-11
84448784,18:34,raincoat,4.0,1.0,2022-06-11
19639491,18:39,large water,1.0,2.0,2022-06-11
19639491,18:39,raincoat,4.0,1.0,2022-06-11
67320637,18:42,small water,1.0,1.0,2022-06-11
67320637,18:42,raincoat,3.0,1.0,2022-06-11
78744659,18:56,raincoat,4.0,1.0,2022-06-11
11098881,23:08,t-shirt,3.0,12.0,2022-06-11
62450837,23:08,t-shirt,2.0,12.0,2022-06-11
51308544,23:11,t-shirt,3.0,12.0,2022-06-11
67750510,23:14,ice tea,2.0,2.5,2022-06-11
67750510,23:14,key chain,6.0,0.8,2022-06-11
67750510,23:14,t-shirt,1.0,12.0,2022-06-11
24430758,23:15,key chain,8.0,0.8,2022-06-11
79295975,23:16,t-shirt,2.0,12.0,2022-06-11
41571090,23:16,t-shirt,2.0,12.0,2022-06-11
78272904,23:25,t-shirt,5.0,12.0,2022-06-11
44525397,23:30,t-shirt,3.0,12.0,2022-06-11
transaction_id,time,product,quantity,unit_price,2022-06-12
68014890,17:56,small water,3.0,1.0,2022-06-12
68014890,17:56,ice tea,2.0,2.5,2022-06-12
68014890,17:56,chips,5.0,1.5,2022-06-12
68014890,17:56,energy bar,2.0,2.2,2022-06-12
45772553,18:00,small water,3.0,1.0,2022-06-12
74420369,18:02,large water,1.0,2.0,2022-06-12
74420369,18:02,chips,2.0,1.5,2022-06-12
74420369,18:02,t-shirt,1.0,12.0,2022-06-12
65364254,18:06,small water,1.0,1.0,2022-06-12
73188758,18:06,small water,3.0,1.0,2022-06-12
65364254,18:06,large water,4.0,2.0,2022-06-12
40725890,18:08,large water,1.0,2.0,2022-06-12
66981007,18:09,small water,2.0,1.0,2022-06-12
18545752,18:09,small water,2.0,1.0,2022-06-12
97658627,18:09,large water,1.0,2.0,2022-06-12
97658627,18:09,t-shirt,1.0,12.0,2022-06-12
56518193,18:10,small water,5.0,1.0,2022-06-12
81069777,18:10,small water,5.0,1.0,2022-06-12
56518193,18:10,chips,5.0,1.5,2022-06-12
36105320,18:11,large water,2.0,2.0,2022-06-12
36105320,18:11,ice tea,2.0,2.5,2022-06-12
36105320,18:11,chips,5.0,1.5,2022-06-12
36105320,18:11,energy bar,1.0,2.2,2022-06-12
80021115,18:12,small water,4.0,1.0,2022-06-12
23933739,18:12,large water,1.0,2.0,2022-06-12
80021115,18:12,chips,4.0,1.5,2022-06-12
80021115,18:12,key chain,8.0,0.8,2022-06-12
80021115,18:12,t-shirt,1.0,12.0,2022-06-12
41725700,18:13,small water,4.0,1.0,2022-06-12
41725700,18:13,chips,4.0,1.5,2022-06-12
41725700,18:13,key chain,4.0,0.8,2022-06-12
56304221,18:15,large water,1.0,2.0,2022-06-12
76548795,18:16,small water,5.0,1.0,2022-06-12
78737393,18:16,large water,5.0,2.0,2022-06-12
56758796,18:16,large water,1.0,2.0,2022-06-12
85190461,18:17,small water,3.0,1.0,2022-06-12
30373786,18:17,small water,3.0,1.0,2022-06-12
92506048,18:17,large water,1.0,2.0,2022-06-12
41767257,18:17,large water,3.0,2.0,2022-06-12
92506048,18:17,chips,1.0,1.5,2022-06-12
30373786,18:17,chips,3.0,1.5,2022-06-12
92506048,18:17,t-shirt,1.0,12.0,2022-06-12
30373786,18:17,t-shirt,3.0,12.0,2022-06-12
64603374,18:18,small water,4.0,1.0,2022-06-12
61546804,18:18,small water,2.0,1.0,2022-06-12
64603374,18:18,large water,1.0,2.0,2022-06-12
20615786,18:21,small water,6.0,1.0,2022-06-12
17797393,18:21,small water,2.0,1.0,2022-06-12
32616568,18:21,large water,1.0,2.0,2022-06-12
20615786,18:21,key chain,5.0,0.8,2022-06-12
20615786,18:21,t-shirt,3.0,12.0,2022-06-12
57988781,18:25,small water,3.0,1.0,2022-06-12
32755712,18:25,large water,2.0,2.0,2022-06-12
57988781,18:25,t-shirt,3.0,12.0,2022-06-12
27160429,18:27,small water,2.0,1.0,2022-06-12
93864824,18:27,small water,4.0,1.0,2022-06-12
66800173,18:27,large water,2.0,2.0,2022-06-12
27160429,18:27,large water,1.0,2.0,2022-06-12
66800173,18:27,energy bar,4.0,2.2,2022-06-12
66103600,18:28,large water,1.0,2.0,2022-06-12
89333301,18:28,large water,2.0,2.0,2022-06-12
66103600,18:28,raincoat,1.0,1.0,2022-06-12
66103600,18:28,t-shirt,1.0,12.0,2022-06-12
30531913,18:31,small water,2.0,1.0,2022-06-12
99391192,18:31,large water,2.0,2.0,2022-06-12
99391192,18:31,energy bar,3.0,2.2,2022-06-12
86083455,18:33,small water,1.0,1.0,2022-06-12
21081416,18:36,small water,2.0,1.0,2022-06-12
56518193,22:57,t-shirt,2.0,12.0,2022-06-12
86083455,23:05,large water,1.0,2.0,2022-06-12
17441594,23:11,large water,1.0,2.0,2022-06-12
17441594,23:11,t-shirt,1.0,12.0,2022-06-12
57988781,23:20,small water,1.0,1.0,2022-06-12
68014890,23:24,t-shirt,2.0,12.0,2022-06-12
66800173,23:38,t-shirt,2.0,12.0,2022-06-12
89333301,23:41,small water,2.0,1.0,2022-06-12
89333301,23:41,t-shirt,4.0,12.0,2022-06-12
transaction_id,time,product,quantity,unit_price,2022-06-13
64614211,17:59,small water,5.0,1.0,2022-06-13
80902948,18:03,large water,2.0,2.0,2022-06-13
82941659,18:04,small water,1.0,1.0,2022-06-13
82941659,18:04,large water,1.0,2.0,2022-06-13
21118879,18:09,small water,5.0,1.0,2022-06-13
21118879,18:09,chips,4.0,1.5,2022-06-13
21118879,18:09,t-shirt,2.0,12.0,2022-06-13
63980705,18:11,small water,2.0,1.0,2022-06-13
99191057,18:11,small water,1.0,1.0,2022-06-13
91999151,18:13,small water,5.0,1.0,2022-06-13
23064525,18:13,small water,3.0,1.0,2022-06-13
90420439,18:13,small water,2.0,1.0,2022-06-13
90420439,18:13,large water,1.0,2.0,2022-06-13
90420439,18:13,ice tea,1.0,2.5,2022-06-13
90420439,18:13,chips,5.0,1.5,2022-06-13
90420439,18:13,energy bar,5.0,2.2,2022-06-13
90420439,18:13,key chain,5.0,0.8,2022-06-13
90420439,18:13,t-shirt,2.0,12.0,2022-06-13
39642710,18:14,small water,1.0,1.0,2022-06-13
48913884,18:14,large water,2.0,2.0,2022-06-13
57097426,18:16,small water,6.0,1.0,2022-06-13
60727330,18:16,large water,1.0,2.0,2022-06-13
32507275,18:16,large water,4.0,2.0,2022-06-13
60727330,18:16,chips,1.0,1.5,2022-06-13
60727330,18:16,energy bar,1.0,2.2,2022-06-13
60727330,18:16,raincoat,1.0,1.0,2022-06-13
32507275,18:16,key chain,25.0,0.8,2022-06-13
32507275,18:16,t-shirt,7.0,12.0,2022-06-13
30386482,18:17,small water,4.0,1.0,2022-06-13
71346002,18:18,small water,2.0,1.0,2022-06-13
11424828,18:18,small water,2.0,1.0,2022-06-13
71346002,18:18,large water,1.0,2.0,2022-06-13
71346002,18:18,energy bar,3.0,2.2,2022-06-13
70408715,18:19,small water,2.0,1.0,2022-06-13
37646327,18:20,small water,1.0,1.0,2022-06-13
37646327,18:20,large water,1.0,2.0,2022-06-13
37646327,18:20,key chain,3.0,0.8,2022-06-13
37646327,18:20,t-shirt,1.0,12.0,2022-06-13
62808429,18:21,small water,5.0,1.0,2022-06-13
14034745,18:21,large water,1.0,2.0,2022-06-13
14034745,18:21,chips,2.0,1.5,2022-06-13
48342376,18:22,small water,4.0,1.0,2022-06-13
78319005,18:22,large water,1.0,2.0,2022-06-13
78319005,18:22,chips,2.0,1.5,2022-06-13
88129870,18:24,large water,1.0,2.0,2022-06-13
89963161,18:25,small water,1.0,1.0,2022-06-13
54532104,18:25,small water,2.0,1.0,2022-06-13
54517206,18:26,small water,1.0,1.0,2022-06-13
61359832,18:27,small water,1.0,1.0,2022-06-13
23151813,18:27,small water,2.0,1.0,2022-06-13
68567295,18:28,small water,1.0,1.0,2022-06-13
68567295,18:28,large water,2.0,2.0,2022-06-13
75355296,18:29,large water,1.0,2.0,2022-06-13
24537700,18:30,small water,4.0,1.0,2022-06-13
24537700,18:30,chips,4.0,1.5,2022-06-13
24537700,18:30,energy bar,4.0,2.2,2022-06-13
90703389,18:31,small water,2.0,1.0,2022-06-13
42840725,18:31,large water,1.0,2.0,2022-06-13
90703389,18:31,t-shirt,4.0,12.0,2022-06-13
94082186,18:33,small water,1.0,1.0,2022-06-13
69087714,18:34,small water,4.0,1.0,2022-06-13
69087714,18:34,energy bar,2.0,2.2,2022-06-13
71569515,18:45,large water,2.0,2.0,2022-06-13
69087714,22:59,large water,2.0,2.0,2022-06-13
69087714,22:59,t-shirt,2.0,12.0,2022-06-13
60727330,23:00,raincoat returns,1.0,-1.0,2022-06-13
14034745,23:01,ice tea,2.0,2.5,2022-06-13
14034745,23:01,key chain,9.0,0.8,2022-06-13
14034745,23:01,t-shirt,5.0,12.0,2022-06-13
24537700,23:02,chips,2.0,1.5,2022-06-13
24537700,23:02,t-shirt,2.0,12.0,2022-06-13
71346002,23:05,t-shirt,3.0,12.0,2022-06-13
78319005,23:07,large water,1.0,2.0,2022-06-13
62808429,23:28,large water,2.0,2.0,2022-06-13
62808429,23:28,t-shirt,5.0,12.0,2022-06-13
71569515,23:42,large water,2.0,2.0,2022-06-13
71569515,23:42,ice tea,2.0,2.5,2022-06-13
71569515,23:42,chips,2.0,1.5,2022-06-13
71569515,23:42,key chain,21.0,0.8,2022-06-13
71569515,23:42,t-shirt,2.0,12.0,2022-06-13
transaction_id,time,product,quantity,unit_price,2022-06-14
86654426,18:04,small water,3.0,1.0,2022-06-14
86654426,18:04,large water,1.0,2.0,2022-06-14
30904376,18:05,small water,2.0,1.0,2022-06-14
36434289,18:05,small water,2.0,1.0,2022-06-14
70322301,18:05,large water,1.0,2.0,2022-06-14
30904376,18:05,chips,3.0,1.5,2022-06-14
30904376,18:05,key chain,6.0,0.8,2022-06-14
59184269,18:06,small water,2.0,1.0,2022-06-14
95552601,18:06,large water,3.0,2.0,2022-06-14
88421137,18:06,large water,2.0,2.0,2022-06-14
59184269,18:06,chips,2.0,1.5,2022-06-14
24977570,18:09,small water,1.0,1.0,2022-06-14
75798332,18:09,small water,1.0,1.0,2022-06-14
59036293,18:11,large water,2.0,2.0,2022-06-14
59036293,18:11,t-shirt,12.0,12.0,2022-06-14
47078122,18:12,small water,5.0,1.0,2022-06-14
10975410,18:13,small water,1.0,1.0,2022-06-14
39676524,18:13,small water,1.0,1.0,2022-06-14
60940836,18:13,small water,1.0,1.0,2022-06-14
91256679,18:13,large water,7.0,2.0,2022-06-14
72935391,18:14,small water,2.0,1.0,2022-06-14
67431514,18:15,small water,4.0,1.0,2022-06-14
71728859,18:15,small water,1.0,1.0,2022-06-14
88008742,18:15,large water,3.0,2.0,2022-06-14
88008742,18:15,chips,4.0,1.5,2022-06-14
55714885,18:18,large water,1.0,2.0,2022-06-14
74135238,18:19,small water,4.0,1.0,2022-06-14
74379750,18:19,large water,1.0,2.0,2022-06-14
39805887,18:19,large water,1.0,2.0,2022-06-14
74379750,18:19,chips,2.0,1.5,2022-06-14
73052201,18:20,small water,2.0,1.0,2022-06-14
22806753,18:20,large water,2.0,2.0,2022-06-14
89999298,18:21,small water,3.0,1.0,2022-06-14
89999298,18:21,large water,1.0,2.0,2022-06-14
89999298,18:21,key chain,21.0,0.8,2022-06-14
89999298,18:21,t-shirt,10.0,12.0,2022-06-14
36028210,18:22,small water,1.0,1.0,2022-06-14
52861577,18:22,small water,3.0,1.0,2022-06-14
14307517,18:24,small water,1.0,1.0,2022-06-14
38734170,18:27,large water,1.0,2.0,2022-06-14
84345725,18:29,large water,1.0,2.0,2022-06-14
52668140,18:30,large water,2.0,2.0,2022-06-14
27925018,18:31,small water,4.0,1.0,2022-06-14
27925018,18:31,key chain,4.0,0.8,2022-06-14
27925018,18:31,t-shirt,4.0,12.0,2022-06-14
34423766,18:34,small water,5.0,1.0,2022-06-14
88421137,23:09,large water,2.0,2.0,2022-06-14
88421137,23:09,t-shirt,5.0,12.0,2022-06-14
88008742,23:13,ice tea,2.0,2.5,2022-06-14
88008742,23:13,t-shirt,4.0,12.0,2022-06-14
74379750,23:38,large water,1.0,2.0,2022-06-14
74379750,23:38,chips,2.0,1.5,2022-06-14
74379750,23:38,t-shirt,2.0,12.0,2022-06-14
55714885,23:39,chips,1.0,1.5,2022-06-14
55714885,23:39,t-shirt,1.0,12.0,2022-06-14
transaction_id,time,product,quantity,unit_price,2022-06-15
71201977,17:58,small water,1.0,1.0,2022-06-15
90249255,17:58,small water,3.0,1.0,2022-06-15
68356203,17:58,large water,4.0,2.0,2022-06-15
51429140,17:58,large water,1.0,2.0,2022-06-15
79477757,17:58,large water,1.0,2.0,2022-06-15
90249255,17:58,large water,2.0,2.0,2022-06-15
51429140,17:58,chips,1.0,1.5,2022-06-15
90249255,17:58,chips,4.0,1.5,2022-06-15
90249255,17:58,key chain,8.0,0.8,2022-06-15
41836685,18:00,large water,1.0,2.0,2022-06-15
73230158,18:01,large water,2.0,2.0,2022-06-15
93819967,18:04,small water,1.0,1.0,2022-06-15
72167808,18:06,small water,5.0,1.0,2022-06-15
77391621,18:08,small water,10.0,1.0,2022-06-15
77391621,18:08,chips,10.0,1.5,2022-06-15
77391621,18:08,energy bar,10.0,2.2,2022-06-15
77391621,18:08,t-shirt,5.0,12.0,2022-06-15
83046957,18:09,small water,6.0,1.0,2022-06-15
11670981,18:09,large water,1.0,2.0,2022-06-15
52807209,18:12,large water,2.0,2.0,2022-06-15
52807209,18:12,chips,6.0,1.5,2022-06-15
75094904,18:13,small water,3.0,1.0,2022-06-15
75094904,18:13,large water,2.0,2.0,2022-06-15
77939571,18:13,large water,1.0,2.0,2022-06-15
75094904,18:13,chips,5.0,1.5,2022-06-15
75094904,18:13,t-shirt,5.0,12.0,2022-06-15
51632613,18:14,small water,2.0,1.0,2022-06-15
31275569,18:14,small water,1.0,1.0,2022-06-15
31275569,18:14,large water,3.0,2.0,2022-06-15
72911557,18:16,small water,4.0,1.0,2022-06-15
95868738,18:16,small water,4.0,1.0,2022-06-15
36858166,18:16,small water,3.0,1.0,2022-06-15
36858166,18:16,ice tea,1.0,2.5,2022-06-15
36858166,18:16,chips,4.0,1.5,2022-06-15
36858166,18:16,energy bar,4.0,2.2,2022-06-15
71509541,18:17,small water,2.0,1.0,2022-06-15
85476620,18:17,small water,6.0,1.0,2022-06-15
71509541,18:17,large water,1.0,2.0,2022-06-15
71509541,18:17,chips,3.0,1.5,2022-06-15
71509541,18:17,energy bar,3.0,2.2,2022-06-15
71509541,18:17,key chain,6.0,0.8,2022-06-15
71509541,18:17,t-shirt,3.0,12.0,2022-06-15
19917707,18:18,small water,2.0,1.0,2022-06-15
18570095,18:18,small water,1.0,1.0,2022-06-15
19917707,18:18,large water,2.0,2.0,2022-06-15
19917707,18:18,chips,4.0,1.5,2022-06-15
19917707,18:18,energy bar,2.0,2.2,2022-06-15
19917707,18:18,raincoat,4.0,1.0,2022-06-15
95252960,18:19,small water,1.0,1.0,2022-06-15
84005147,18:19,small water,3.0,1.0,2022-06-15
20907003,18:20,small water,5.0,1.0,2022-06-15
79721973,18:22,small water,2.0,1.0,2022-06-15
38497344,18:22,small water,1.0,1.0,2022-06-15
14284272,18:22,small water,1.0,1.0,2022-06-15
14284272,18:22,large water,1.0,2.0,2022-06-15
14284272,18:22,ice tea,1.0,2.5,2022-06-15
14284272,18:22,chips,3.0,1.5,2022-06-15
14284272,18:22,t-shirt,3.0,12.0,2022-06-15
66500100,18:23,small water,2.0,1.0,2022-06-15
44594135,18:23,large water,1.0,2.0,2022-06-15
98088251,18:23,large water,2.0,2.0,2022-06-15
98088251,18:23,key chain,12.0,0.8,2022-06-15
99338139,18:24,large water,1.0,2.0,2022-06-15
70358423,18:25,small water,2.0,1.0,2022-06-15
79346163,18:25,large water,1.0,2.0,2022-06-15
70358423,18:25,large water,1.0,2.0,2022-06-15
70358423,18:25,key chain,9.0,0.8,2022-06-15
70358423,18:25,t-shirt,2.0,12.0,2022-06-15
22452423,18:27,small water,2.0,1.0,2022-06-15
51990428,18:29,large water,1.0,2.0,2022-06-15
71084103,18:30,small water,2.0,1.0,2022-06-15
50385792,18:30,small water,4.0,1.0,2022-06-15
49658742,18:30,small water,1.0,1.0,2022-06-15
71084103,18:30,large water,1.0,2.0,2022-06-15
71084103,18:30,t-shirt,3.0,12.0,2022-06-15
52559224,18:31,large water,2.0,2.0,2022-06-15
38208030,18:33,small water,2.0,1.0,2022-06-15
77258609,18:33,large water,1.0,2.0,2022-06-15
38208030,18:33,large water,2.0,2.0,2022-06-15
71303632,18:40,small water,5.0,1.0,2022-06-15
71303632,18:40,chips,5.0,1.5,2022-06-15
71303632,18:40,energy bar,5.0,2.2,2022-06-15
51632613,22:56,t-shirt,1.0,12.0,2022-06-15
79477757,23:04,small water,2.0,1.0,2022-06-15
79477757,23:04,chips,2.0,1.5,2022-06-15
79477757,23:04,t-shirt,2.0,12.0,2022-06-15
90249255,23:07,large water,1.0,2.0,2022-06-15
90249255,23:07,t-shirt,4.0,12.0,2022-06-15
85476620,23:08,chips,5.0,1.5,2022-06-15
85476620,23:08,t-shirt,5.0,12.0,2022-06-15
71303632,23:10,large water,2.0,2.0,2022-06-15
71303632,23:10,chips,5.0,1.5,2022-06-15
71303632,23:10,t-shirt,5.0,12.0,2022-06-15
38497344,23:35,t-shirt,2.0,12.0,2022-06-15
52559224,23:42,small water,1.0,1.0,2022-06-15
52559224,23:42,large water,1.0,2.0,2022-06-15
19917707,23:43,raincoat returns,4.0,-1.0,2022-06-15
transaction_id,time,product,quantity,unit_price,2022-06-16
49515147,18:01,small water,3.0,1.0,2022-06-16
84763893,18:02,small water,1.0,1.0,2022-06-16
84763893,18:02,key chain,5.0,0.8,2022-06-16
63483294,18:03,small water,3.0,1.0,2022-06-16
76334021,18:03,large water,1.0,2.0,2022-06-16
76334021,18:03,chips,2.0,1.5,2022-06-16
63483294,18:03,key chain,3.0,0.8,2022-06-16
63483294,18:03,t-shirt,3.0,12.0,2022-06-16
66962241,18:04,small water,3.0,1.0,2022-06-16
34394543,18:06,large water,4.0,2.0,2022-06-16
34394543,18:06,chips,4.0,1.5,2022-06-16
42322477,18:07,small water,4.0,1.0,2022-06-16
42322477,18:07,t-shirt,4.0,12.0,2022-06-16
10338522,18:10,small water,3.0,1.0,2022-06-16
20247264,18:11,small water,2.0,1.0,2022-06-16
29859935,18:11,small water,2.0,1.0,2022-06-16
20247264,18:11,large water,2.0,2.0,2022-06-16
29859935,18:11,large water,1.0,2.0,2022-06-16
20247264,18:11,ice tea,2.0,2.5,2022-06-16
29859935,18:11,t-shirt,3.0,12.0,2022-06-16
10663695,18:12,small water,4.0,1.0,2022-06-16
35461195,18:12,small water,5.0,1.0,2022-06-16
78776835,18:12,small water,1.0,1.0,2022-06-16
10663695,18:12,chips,4.0,1.5,2022-06-16
10663695,18:12,energy bar,4.0,2.2,2022-06-16
54154524,18:14,small water,3.0,1.0,2022-06-16
66631988,18:14,large water,1.0,2.0,2022-06-16
80942461,18:16,small water,2.0,1.0,2022-06-16
80794748,18:17,small water,2.0,1.0,2022-06-16
15478696,18:17,small water,4.0,1.0,2022-06-16
30003369,18:17,small water,3.0,1.0,2022-06-16
49308616,18:18,small water,1.0,1.0,2022-06-16
35755838,18:18,large water,2.0,2.0,2022-06-16
66916815,18:18,large water,1.0,2.0,2022-06-16
49308616,18:18,large water,3.0,2.0,2022-06-16
66916815,18:18,key chain,2.0,0.8,2022-06-16
66916815,18:18,t-shirt,2.0,12.0,2022-06-16
82206760,18:20,small water,1.0,1.0,2022-06-16
73691277,18:21,small water,3.0,1.0,2022-06-16
64057311,18:22,small water,4.0,1.0,2022-06-16
46091750,18:22,small water,4.0,1.0,2022-06-16
81599777,18:22,small water,1.0,1.0,2022-06-16
90297744,18:23,small water,2.0,1.0,2022-06-16
46453726,18:23,small water,2.0,1.0,2022-06-16
38142167,18:23,small water,5.0,1.0,2022-06-16
34796740,18:23,small water,3.0,1.0,2022-06-16
88388125,18:23,large water,1.0,2.0,2022-06-16
90297744,18:23,chips,2.0,1.5,2022-06-16
94574443,18:24,small water,4.0,1.0,2022-06-16
40005995,18:24,large water,1.0,2.0,2022-06-16
40005995,18:24,key chain,4.0,0.8,2022-06-16
40005995,18:24,t-shirt,2.0,12.0,2022-06-16
15757793,18:25,small water,1.0,1.0,2022-06-16
17652808,18:25,large water,1.0,2.0,2022-06-16
16700494,18:25,large water,1.0,2.0,2022-06-16
16700494,18:25,key chain,1.0,0.8,2022-06-16
16700494,18:25,t-shirt,1.0,12.0,2022-06-16
55491963,18:26,small water,3.0,1.0,2022-06-16
36771534,18:26,small water,2.0,1.0,2022-06-16
86689755,18:26,ice tea,1.0,2.5,2022-06-16
86689755,18:26,chips,1.0,1.5,2022-06-16
32175480,18:27,small water,2.0,1.0,2022-06-16
32175480,18:27,large water,2.0,2.0,2022-06-16
61213719,18:28,large water,1.0,2.0,2022-06-16
93724353,18:29,small water,4.0,1.0,2022-06-16
78039565,18:29,small water,3.0,1.0,2022-06-16
93724353,18:29,large water,1.0,2.0,2022-06-16
51413737,18:29,large water,1.0,2.0,2022-06-16
93724353,18:29,chips,5.0,1.5,2022-06-16
93724353,18:29,energy bar,5.0,2.2,2022-06-16
94589066,18:30,small water,2.0,1.0,2022-06-16
42113507,18:31,small water,3.0,1.0,2022-06-16
20114754,18:31,small water,3.0,1.0,2022-06-16
53376033,18:31,small water,3.0,1.0,2022-06-16
20114754,18:31,large water,2.0,2.0,2022-06-16
53376033,18:31,large water,1.0,2.0,2022-06-16
53376033,18:31,ice tea,1.0,2.5,2022-06-16
20114754,18:31,chips,6.0,1.5,2022-06-16
53376033,18:31,chips,5.0,1.5,2022-06-16
53376033,18:31,key chain,20.0,0.8,2022-06-16
53376033,18:31,t-shirt,5.0,12.0,2022-06-16
42499883,18:32,small water,5.0,1.0,2022-06-16
54836222,18:32,small water,2.0,1.0,2022-06-16
54836222,18:32,ice tea,3.0,2.5,2022-06-16
54836222,18:32,chips,3.0,1.5,2022-06-16
69310478,18:36,large water,1.0,2.0,2022-06-16
59735540,18:38,small water,5.0,1.0,2022-06-16
24030686,18:43,small water,2.0,1.0,2022-06-16
59488652,18:45,small water,3.0,1.0,2022-06-16
88388125,22:58,large water,1.0,2.0,2022-06-16
54836222,22:58,large water,1.0,2.0,2022-06-16
88388125,22:58,t-shirt,1.0,12.0,2022-06-16
54836222,22:58,t-shirt,3.0,12.0,2022-06-16
59488652,23:05,large water,3.0,2.0,2022-06-16
10663695,23:05,chips,2.0,1.5,2022-06-16
10663695,23:05,t-shirt,4.0,12.0,2022-06-16
59488652,23:05,t-shirt,5.0,12.0,2022-06-16
61213719,23:16,small water,1.0,1.0,2022-06-16
82206760,23:16,small water,2.0,1.0,2022-06-16
61213719,23:16,chips,1.0,1.5,2022-06-16
82206760,23:16,chips,2.0,1.5,2022-06-16
61213719,23:16,key chain,2.0,0.8,2022-06-16
30003369,23:16,key chain,9.0,0.8,2022-06-16
42499883,23:22,t-shirt,5.0,12.0,2022-06-16
59735540,23:31,large water,3.0,2.0,2022-06-16
59735540,23:31,chips,5.0,1.5,2022-06-16
59735540,23:31,t-shirt,5.0,12.0,2022-06-16
54154524,23:37,chips,3.0,1.5,2022-06-16
54154524,23:37,key chain,9.0,0.8,2022-06-16
54154524,23:37,t-shirt,2.0,12.0,2022-06-16
transaction_id,time,product,quantity,unit_price,2022-06-17
89579599,17:57,small water,2.0,1.0,2022-06-17
25703274,17:59,small water,1.0,1.0,2022-06-17
83114827,18:02,small water,2.0,1.0,2022-06-17
74748022,18:02,small water,2.0,1.0,2022-06-17
83114827,18:02,large water,3.0,2.0,2022-06-17
74748022,18:02,key chain,4.0,0.8,2022-06-17
74748022,18:02,t-shirt,2.0,12.0,2022-06-17
44557271,18:03,small water,3.0,1.0,2022-06-17
91751391,18:05,small water,1.0,1.0,2022-06-17
94314476,18:05,large water,2.0,2.0,2022-06-17
22585211,18:05,large water,1.0,2.0,2022-06-17
91751391,18:05,ice tea,1.0,2.5,2022-06-17
91751391,18:05,chips,2.0,1.5,2022-06-17
46027282,18:07,small water,1.0,1.0,2022-06-17
33388415,18:07,small water,4.0,1.0,2022-06-17
46027282,18:07,large water,2.0,2.0,2022-06-17
46027282,18:07,chips,3.0,1.5,2022-06-17
46027282,18:07,energy bar,3.0,2.2,2022-06-17
46027282,18:07,t-shirt,3.0,12.0,2022-06-17
16149643,18:08,small water,1.0,1.0,2022-06-17
16149643,18:08,ice tea,1.0,2.5,2022-06-17
80229970,18:09,small water,4.0,1.0,2022-06-17
53392817,18:09,large water,1.0,2.0,2022-06-17
95959390,18:12,small water,5.0,1.0,2022-06-17
14430449,18:12,small water,2.0,1.0,2022-06-17
14430449,18:12,large water,1.0,2.0,2022-06-17
14430449,18:12,ice tea,1.0,2.5,2022-06-17
95959390,18:12,chips,5.0,1.5,2022-06-17
14430449,18:12,chips,4.0,1.5,2022-06-17
14430449,18:12,energy bar,4.0,2.2,2022-06-17
95959390,18:12,key chain,10.0,0.8,2022-06-17
33856306,18:13,small water,2.0,1.0,2022-06-17
89715223,18:13,large water,1.0,2.0,2022-06-17
38858334,18:14,large water,2.0,2.0,2022-06-17
82475412,18:14,large water,2.0,2.0,2022-06-17
70230589,18:14,large water,2.0,2.0,2022-06-17
82475412,18:14,ice tea,1.0,2.5,2022-06-17
82475412,18:14,chips,3.0,1.5,2022-06-17
38858334,18:14,t-shirt,2.0,12.0,2022-06-17
31945802,18:15,small water,3.0,1.0,2022-06-17
26191850,18:15,small water,4.0,1.0,2022-06-17
80952462,18:15,small water,1.0,1.0,2022-06-17
71136516,18:15,large water,3.0,2.0,2022-06-17
80952462,18:15,chips,2.0,1.5,2022-06-17
80952462,18:15,energy bar,2.0,2.2,2022-06-17
80952462,18:15,t-shirt,1.0,12.0,2022-06-17
92006820,18:17,small water,5.0,1.0,2022-06-17
38954447,18:18,small water,2.0,1.0,2022-06-17
47329304,18:18,small water,4.0,1.0,2022-06-17
46657127,18:18,large water,1.0,2.0,2022-06-17
80963330,18:19,small water,4.0,1.0,2022-06-17
38934467,18:20,small water,3.0,1.0,2022-06-17
66070509,18:20,small water,2.0,1.0,2022-06-17
66070509,18:20,large water,2.0,2.0,2022-06-17
66070509,18:20,key chain,8.0,0.8,2022-06-17
47750629,18:21,small water,5.0,1.0,2022-06-17
33549843,18:21,large water,1.0,2.0,2022-06-17
97444671,18:22,small water,7.0,1.0,2022-06-17
78740378,18:22,small water,4.0,1.0,2022-06-17
13233769,18:23,large water,2.0,2.0,2022-06-17
13233769,18:23,ice tea,2.0,2.5,2022-06-17
13233769,18:23,chips,4.0,1.5,2022-06-17
68555924,18:24,small water,2.0,1.0,2022-06-17
68555924,18:24,large water,2.0,2.0,2022-06-17
48869751,18:25,small water,3.0,1.0,2022-06-17
48869751,18:25,chips,3.0,1.5,2022-06-17
48869751,18:25,energy bar,3.0,2.2,2022-06-17
48869751,18:25,t-shirt,3.0,12.0,2022-06-17
29986056,18:26,small water,2.0,1.0,2022-06-17
29986056,18:26,large water,1.0,2.0,2022-06-17
29986056,18:26,t-shirt,2.0,12.0,2022-06-17
96534048,18:27,small water,2.0,1.0,2022-06-17
47537054,18:27,small water,3.0,1.0,2022-06-17
54440858,18:28,small water,4.0,1.0,2022-06-17
45899877,18:28,large water,2.0,2.0,2022-06-17
45899877,18:28,chips,4.0,1.5,2022-06-17
45899877,18:28,energy bar,4.0,2.2,2022-06-17
99551868,18:32,small water,3.0,1.0,2022-06-17
43116263,18:32,small water,5.0,1.0,2022-06-17
82968508,18:35,small water,4.0,1.0,2022-06-17
82968508,18:35,large water,1.0,2.0,2022-06-17
82968508,18:35,key chain,2.0,0.8,2022-06-17
82968508,18:35,t-shirt,4.0,12.0,2022-06-17
13233769,23:03,large water,1.0,2.0,2022-06-17
13233769,23:03,chips,4.0,1.5,2022-06-17
46027282,23:11,t-shirt,3.0,12.0,2022-06-17
14430449,23:13,small water,2.0,1.0,2022-06-17
14430449,23:13,chips,4.0,1.5,2022-06-17
14430449,23:13,t-shirt,2.0,12.0,2022-06-17
45899877,23:25,small water,2.0,1.0,2022-06-17
45899877,23:25,t-shirt,4.0,12.0,2022-06-17
95959390,23:28,chips,5.0,1.5,2022-06-17
95959390,23:28,t-shirt,5.0,12.0,2022-06-17
70230589,23:32,large water,1.0,2.0,2022-06-17
70230589,23:32,ice tea,1.0,2.5,2022-06-17
70230589,23:32,chips,2.0,1.5,2022-06-17
70230589,23:32,t-shirt,2.0,12.0,2022-06-17
91751391,23:39,chips,2.0,1.5,2022-06-17
91751391,23:39,key chain,4.0,0.8,2022-06-17
91751391,23:39,t-shirt,2.0,12.0,2022-06-17
82475412,23:41,chips,3.0,1.5,2022-06-17
82475412,23:41,t-shirt,3.0,12.0,2022-06-17
transaction_id,time,product,quantity,unit_price,2022-06-18
72642103,17:58,large water,1.0,2.0,2022-06-18
39340547,17:59,small water,5.0,1.0,2022-06-18
47987217,18:03,small water,1.0,1.0,2022-06-18
21930846,18:06,small water,5.0,1.0,2022-06-18
85818565,18:06,small water,2.0,1.0,2022-06-18
36489416,18:07,small water,1.0,1.0,2022-06-18
36489416,18:07,large water,2.0,2.0,2022-06-18
51181127,18:08,small water,2.0,1.0,2022-06-18
84489020,18:10,large water,1.0,2.0,2022-06-18
84489020,18:10,ice tea,1.0,2.5,2022-06-18
84489020,18:10,chips,4.0,1.5,2022-06-18
63776061,18:11,small water,5.0,1.0,2022-06-18
85216180,18:11,small water,3.0,1.0,2022-06-18
36086543,18:13,small water,2.0,1.0,2022-06-18
43650907,18:13,small water,2.0,1.0,2022-06-18
73778296,18:13,small water,2.0,1.0,2022-06-18
43650907,18:13,chips,5.0,1.5,2022-06-18
43650907,18:13,t-shirt,5.0,12.0,2022-06-18
57613597,18:14,large water,1.0,2.0,2022-06-18
68408863,18:15,small water,5.0,1.0,2022-06-18
68408863,18:15,key chain,10.0,0.8,2022-06-18
99594332,18:16,small water,2.0,1.0,2022-06-18
78793797,18:16,small water,2.0,1.0,2022-06-18
56299019,18:17,small water,3.0,1.0,2022-06-18
13706524,18:17,large water,1.0,2.0,2022-06-18
56299019,18:17,large water,1.0,2.0,2022-06-18
98238123,18:18,small water,5.0,1.0,2022-06-18
42413699,18:19,small water,2.0,1.0,2022-06-18
20944402,18:19,small water,5.0,1.0,2022-06-18
73679024,18:19,small water,5.0,1.0,2022-06-18
62820500,18:19,small water,2.0,1.0,2022-06-18
34764965,18:19,large water,5.0,2.0,2022-06-18
42413699,18:19,chips,3.0,1.5,2022-06-18
42413699,18:19,energy bar,3.0,2.2,2022-06-18
34764965,18:19,key chain,12.0,0.8,2022-06-18
31099505,18:20,small water,1.0,1.0,2022-06-18
61566744,18:22,small water,4.0,1.0,2022-06-18
44777914,18:23,small water,1.0,1.0,2022-06-18
65640730,18:23,large water,4.0,2.0,2022-06-18
44777914,18:23,ice tea,1.0,2.5,2022-06-18
44777914,18:23,chips,2.0,1.5,2022-06-18
44777914,18:23,energy bar,4.0,2.2,2022-06-18
44777914,18:23,key chain,2.0,0.8,2022-06-18
18179480,18:24,small water,1.0,1.0,2022-06-18
23845743,18:24,small water,3.0,1.0,2022-06-18
18179480,18:24,large water,2.0,2.0,2022-06-18
65032978,18:25,small water,4.0,1.0,2022-06-18
44207528,18:26,small water,2.0,1.0,2022-06-18
44207528,18:26,chips,4.0,1.5,2022-06-18
44207528,18:26,t-shirt,2.0,12.0,2022-06-18
55776041,18:27,small water,2.0,1.0,2022-06-18
14574223,18:27,large water,5.0,2.0,2022-06-18
33117388,18:28,small water,3.0,1.0,2022-06-18
51827293,18:28,large water,1.0,2.0,2022-06-18
11280228,18:29,small water,3.0,1.0,2022-06-18
11280228,18:29,large water,2.0,2.0,2022-06-18
64811035,18:30,small water,5.0,1.0,2022-06-18
56093464,18:30,large water,1.0,2.0,2022-06-18
64811035,18:30,large water,1.0,2.0,2022-06-18
64811035,18:30,energy bar,10.0,2.2,2022-06-18
19644152,18:31,small water,4.0,1.0,2022-06-18
84527481,18:32,small water,2.0,1.0,2022-06-18
12515818,18:32,small water,5.0,1.0,2022-06-18
14328343,18:37,large water,2.0,2.0,2022-06-18
14328343,18:37,key chain,9.0,0.8,2022-06-18
14328343,18:37,t-shirt,3.0,12.0,2022-06-18
83921748,18:38,large water,1.0,2.0,2022-06-18
13122715,18:41,small water,4.0,1.0,2022-06-18
13122715,18:41,ice tea,2.0,2.5,2022-06-18
13122715,18:41,chips,5.0,1.5,2022-06-18
13122715,18:41,energy bar,5.0,2.2,2022-06-18
13122715,18:41,key chain,12.0,0.8,2022-06-18
56299019,23:03,key chain,20.0,0.8,2022-06-18
56299019,23:03,t-shirt,8.0,12.0,2022-06-18
44207528,23:12,key chain,8.0,0.8,2022-06-18
14328343,23:19,ice tea,3.0,2.5,2022-06-18
47987217,23:20,large water,2.0,2.0,2022-06-18
47987217,23:20,chips,2.0,1.5,2022-06-18
47987217,23:20,t-shirt,2.0,12.0,2022-06-18
55776041,23:23,small water,1.0,1.0,2022-06-18
55776041,23:23,ice tea,1.0,2.5,2022-06-18
55776041,23:23,chips,2.0,1.5,2022-06-18
64811035,23:36,large water,3.0,2.0,2022-06-18
64811035,23:36,chips,3.0,1.5,2022-06-18
64811035,23:36,t-shirt,2.0,12.0,2022-06-18
68408863,23:39,large water,2.0,2.0,2022-06-18
68408863,23:39,t-shirt,5.0,12.0,2022-06-18
13122715,23:39,t-shirt,3.0,12.0,2022-06-18
42413699,23:44,chips,3.0,1.5,2022-06-18
42413699,23:44,t-shirt,3.0,12.0,2022-06-18
transaction_id,time,product,quantity,unit_price,2022-06-19
77259065,17:58,small water,2.0,1.0,2022-06-19
29617238,18:02,large water,1.0,2.0,2022-06-19
39380938,18:08,small water,2.0,1.0,2022-06-19
39380938,18:08,large water,1.0,2.0,2022-06-19
39380938,18:08,ice tea,1.0,2.5,2022-06-19
39380938,18:08,chips,4.0,1.5,2022-06-19
88202114,18:09,small water,2.0,1.0,2022-06-19
94856529,18:09,large water,2.0,2.0,2022-06-19
12694961,18:09,large water,1.0,2.0,2022-06-19
94856529,18:09,chips,4.0,1.5,2022-06-19
94856529,18:09,key chain,4.0,0.8,2022-06-19
49057852,18:10,small water,2.0,1.0,2022-06-19
77284668,18:10,small water,3.0,1.0,2022-06-19
23523860,18:10,small water,5.0,1.0,2022-06-19
49057852,18:10,large water,1.0,2.0,2022-06-19
49057852,18:10,chips,3.0,1.5,2022-06-19
77284668,18:10,energy bar,6.0,2.2,2022-06-19
77284668,18:10,key chain,6.0,0.8,2022-06-19
77284668,18:10,t-shirt,3.0,12.0,2022-06-19
51919772,18:11,small water,1.0,1.0,2022-06-19
30947997,18:14,large water,1.0,2.0,2022-06-19
49561549,18:15,small water,1.0,1.0,2022-06-19
56839983,18:15,small water,5.0,1.0,2022-06-19
16396921,18:15,small water,1.0,1.0,2022-06-19
16396921,18:15,key chain,5.0,0.8,2022-06-19
16396921,18:15,t-shirt,1.0,12.0,2022-06-19
22477436,18:16,small water,2.0,1.0,2022-06-19
88734582,18:16,large water,1.0,2.0,2022-06-19
22477436,18:16,large water,1.0,2.0,2022-06-19
22477436,18:16,ice tea,1.0,2.5,2022-06-19
22477436,18:16,chips,2.0,1.5,2022-06-19
22477436,18:16,energy bar,12.0,2.2,2022-06-19
11344062,18:18,small water,5.0,1.0,2022-06-19
11344062,18:18,large water,1.0,2.0,2022-06-19
11344062,18:18,ice tea,2.0,2.5,2022-06-19
11344062,18:18,chips,5.0,1.5,2022-06-19
11344062,18:18,t-shirt,5.0,12.0,2022-06-19
96157168,18:19,small water,3.0,1.0,2022-06-19
75018364,18:19,small water,1.0,1.0,2022-06-19
75018364,18:19,large water,1.0,2.0,2022-06-19
92182497,18:20,small water,4.0,1.0,2022-06-19
73722036,18:21,small water,3.0,1.0,2022-06-19
59726866,18:21,small water,4.0,1.0,2022-06-19
97497587,18:21,small water,2.0,1.0,2022-06-19
73722036,18:21,large water,1.0,2.0,2022-06-19
97497587,18:21,large water,3.0,2.0,2022-06-19
73722036,18:21,chips,4.0,1.5,2022-06-19
73722036,18:21,energy bar,4.0,2.2,2022-06-19
10292260,18:23,small water,3.0,1.0,2022-06-19
94531958,18:23,small water,2.0,1.0,2022-06-19
11311349,18:23,large water,1.0,2.0,2022-06-19
36358580,18:26,small water,1.0,1.0,2022-06-19
22297447,18:28,small water,4.0,1.0,2022-06-19
11366761,18:28,small water,4.0,1.0,2022-06-19
68539662,18:28,small water,4.0,1.0,2022-06-19
27009907,18:28,large water,1.0,2.0,2022-06-19
68539662,18:28,chips,4.0,1.5,2022-06-19
68539662,18:28,key chain,8.0,0.8,2022-06-19
99308994,18:29,small water,3.0,1.0,2022-06-19
86749260,18:29,small water,3.0,1.0,2022-06-19
61054704,18:29,small water,3.0,1.0,2022-06-19
86749260,18:29,large water,1.0,2.0,2022-06-19
61054704,18:29,large water,1.0,2.0,2022-06-19
86749260,18:29,ice tea,1.0,2.5,2022-06-19
86749260,18:29,chips,2.0,1.5,2022-06-19
86749260,18:29,energy bar,4.0,2.2,2022-06-19
61054704,18:29,key chain,22.0,0.8,2022-06-19
86749260,18:29,t-shirt,4.0,12.0,2022-06-19
18077600,18:31,small water,2.0,1.0,2022-06-19
83610268,18:31,small water,2.0,1.0,2022-06-19
18077600,18:31,large water,3.0,2.0,2022-06-19
83610268,18:31,large water,2.0,2.0,2022-06-19
83610268,18:31,ice tea,2.0,2.5,2022-06-19
83610268,18:31,chips,5.0,1.5,2022-06-19
40171961,18:33,small water,2.0,1.0,2022-06-19
26918087,18:34,small water,3.0,1.0,2022-06-19
26918087,18:34,chips,3.0,1.5,2022-06-19
26918087,18:34,energy bar,3.0,2.2,2022-06-19
49388344,18:35,small water,9.0,1.0,2022-06-19
49388344,18:35,large water,1.0,2.0,2022-06-19
49388344,18:35,chips,5.0,1.5,2022-06-19
49388344,18:35,energy bar,5.0,2.2,2022-06-19
49388344,18:35,key chain,12.0,0.8,2022-06-19
37053964,18:43,small water,5.0,1.0,2022-06-19
83610268,22:58,t-shirt,5.0,12.0,2022-06-19
49388344,23:01,large water,3.0,2.0,2022-06-19
49388344,23:01,t-shirt,10.0,12.0,2022-06-19
73722036,23:09,large water,2.0,2.0,2022-06-19
73722036,23:09,chips,4.0,1.5,2022-06-19
73722036,23:09,t-shirt,2.0,12.0,2022-06-19
60928273,23:17,t-shirt,5.0,12.0,2022-06-19
39380938,23:19,chips,4.0,1.5,2022-06-19
39380938,23:19,t-shirt,4.0,12.0,2022-06-19
26918087,23:23,small water,3.0,1.0,2022-06-19
26918087,23:23,t-shirt,3.0,12.0,2022-06-19
68539662,23:29,t-shirt,4.0,12.0,2022-06-19
30947997,23:34,ice tea,2.0,2.5,2022-06-19
30947997,23:34,chips,3.0,1.5,2022-06-19
30947997,23:34,t-shirt,3.0,12.0,2022-06-19
